{"type":"header","name":"Header","sections":{"header":{"type":"header","settings":{"section_width":"default","header_style":"style_1","enable_hea_transprant":"transparent_enable","main_user_menu_handle":"main-menu","sticky__bar":true,"enable_header_custom_style":true,"main_header_font":"work_sans_n5","main_header_font_size":"18","header_font_drop_mega":"work_sans_n4","drop_header_font_size":"16","bg_color":"#ffffff","bg_color_stick":"#ffffff","menu_color":"#333333","menu_hover__color":"#ff6162","menu_hover_angle_color":"#ffffff","logo":"shopify:\/\/shop_images\/DSTA_bac2.png","logo_width":125,"ratina_logo_enable":false,"logo_position":"text-left","menu_position":"menu-center","megamenu_width":"1000","megamenu_width_md":"900","megamenu_left_space":"-300","megamenu_left_space_md":"-250","enable_clickable_logo":true,"enable_click_social":true,"language_icon":"<svg version=\"1.1\" id=\"svg4266\" viewbox=\"0 0 682.66669 682.66669\" xmlns=\"http:\/\/www.w3.org\/2000\/svg\" xml:space=\"preserve\" xmlns:svg=\"http:\/\/www.w3.org\/2000\/svg\">\n    <defs id=\"defs4270\">\n        <clippath clippathunits=\"userSpaceOnUse\" id=\"clipPath4280\">\n            <path d=\"M 0,512 H 512 V 0 H 0 Z\" id=\"path4278\"><\/path>\n        <\/clippath>\n    <\/defs>\n    <g id=\"g4272\" transform=\"matrix(1.3333333,0,0,-1.3333333,0,682.66667)\">\n        <g id=\"g4274\">\n            <g id=\"g4276\" clip-path=\"url(#clipPath4280)\">\n                <g id=\"g4282\" transform=\"translate(199.8862,231.9517)\">\n                    <path d=\"m 0,0 h -168.338 c -13.282,0 -24.048,10.767 -24.048,24.048 V 248.5 c 0,13.282 10.766,24.048 24.048,24.048 H 56.114 c 13.282,0 24.048,-10.766 24.048,-24.048 V 80.162\" style=\"fill:none;stroke:#000000;stroke-width:15;stroke-linecap:round;stroke-linejoin:round;stroke-miterlimit:10;stroke-dasharray:none;stroke-opacity:1\" id=\"path4284\"><\/path>\n                <\/g>\n                <g id=\"g4286\" transform=\"translate(416.3228,280.0483)\">\n                    <path d=\"M 0,0 H 64.129 C 77.411,0 88.177,-10.767 88.177,-24.048 V -248.5 c 0,-13.282 -10.766,-24.048 -24.048,-24.048 h -224.452 c -13.281,0 -24.048,10.766 -24.048,24.048 v 224.452 c 0,13.281 10.767,24.048 24.048,24.048 h 128.26\" style=\"fill:none;stroke:#000000;stroke-width:15;stroke-linecap:round;stroke-linejoin:round;stroke-miterlimit:10;stroke-dasharray:none;stroke-opacity:1\" id=\"path4288\"><\/path>\n                <\/g>\n                <g id=\"g4290\" transform=\"translate(71.6289,424.3389)\">\n                    <path d=\"M 0,0 H 144.291\" style=\"fill:none;stroke:#000000;stroke-width:15;stroke-linecap:round;stroke-linejoin:round;stroke-miterlimit:10;stroke-dasharray:none;stroke-opacity:1\" id=\"path4292\"><\/path>\n                <\/g>\n                <g id=\"g4294\" transform=\"translate(106.7788,392.3105)\">\n                    <path d=\"M 0,0 C 12.426,-27.68 37.418,-67.625 85.092,-96.23\" style=\"fill:none;stroke:#000000;stroke-width:15;stroke-linecap:round;stroke-linejoin:round;stroke-miterlimit:10;stroke-dasharray:none;stroke-opacity:1\" id=\"path4296\"><\/path>\n                <\/g>\n                <g id=\"g4298\" transform=\"translate(191.8711,424.3389)\">\n                    <path d=\"M 0,0 C 0,0 -16.032,-80.162 -96.194,-128.258\" style=\"fill:none;stroke:#000000;stroke-width:15;stroke-linecap:round;stroke-linejoin:round;stroke-miterlimit:10;stroke-dasharray:none;stroke-opacity:1\" id=\"path4300\"><\/path>\n                <\/g>\n                <g id=\"g4302\" transform=\"translate(143.7744,424.3389)\">\n                    <path d=\"M 0,0 V 16.032\" style=\"fill:none;stroke:#000000;stroke-width:15;stroke-linecap:round;stroke-linejoin:round;stroke-miterlimit:10;stroke-dasharray:none;stroke-opacity:1\" id=\"path4304\"><\/path>\n                <\/g>\n                <g id=\"g4306\" transform=\"translate(311.2656,71.6289)\">\n                    <path d=\"m 0,0 54.181,142.258 c 1.107,2.707 4.939,2.711 6.051,0.006 L 113.92,0\" style=\"fill:none;stroke:#000000;stroke-width:15;stroke-linecap:round;stroke-linejoin:round;stroke-miterlimit:10;stroke-dasharray:none;stroke-opacity:1\" id=\"path4308\"><\/path>\n                <\/g>\n                <g id=\"g4310\" transform=\"translate(328.1631,107.0586)\">\n                    <path d=\"M 0,0 H 80.398\" style=\"fill:none;stroke:#000000;stroke-width:15;stroke-linecap:round;stroke-linejoin:round;stroke-miterlimit:10;stroke-dasharray:none;stroke-opacity:1\" id=\"path4312\"><\/path>\n                <\/g>\n                <g id=\"g4314\" transform=\"translate(183.8564,95.6772)\">\n                    <path d=\"m 0,0 h -32.066 c -30.991,0 -56.113,25.123 -56.113,56.113 v 48.094\" style=\"fill:none;stroke:#000000;stroke-width:15;stroke-linecap:round;stroke-linejoin:round;stroke-miterlimit:10;stroke-dasharray:none;stroke-opacity:1\" id=\"path4316\"><\/path>\n                <\/g>\n                <g id=\"g4318\" transform=\"translate(167.8228,119.7256)\">\n                    <path d=\"M 0,0 32.064,-24.048 0,-48.097\" style=\"fill:none;stroke:#000000;stroke-width:15;stroke-linecap:round;stroke-linejoin:round;stroke-miterlimit:10;stroke-dasharray:none;stroke-opacity:1\" id=\"path4320\"><\/path>\n                <\/g>\n                <g id=\"g4322\" transform=\"translate(328.1436,416.3228)\">\n                    <path d=\"m 0,0 h 32.066 c 30.991,0 56.113,-25.123 56.113,-56.113 v -48.094\" style=\"fill:none;stroke:#000000;stroke-width:15;stroke-linecap:round;stroke-linejoin:round;stroke-miterlimit:10;stroke-dasharray:none;stroke-opacity:1\" id=\"path4324\"><\/path>\n                <\/g>\n                <g id=\"g4326\" transform=\"translate(344.1772,392.2744)\">\n                    <path d=\"M 0,0 -32.064,24.048 0,48.097\" style=\"fill:none;stroke:#000000;stroke-width:15;stroke-linecap:round;stroke-linejoin:round;stroke-miterlimit:10;stroke-dasharray:none;stroke-opacity:1\" id=\"path4328\"><\/path>\n                <\/g>\n            <\/g>\n        <\/g>\n    <\/g>\n<\/svg>","show_search":true,"header_search_icon":"<svg role=\"presentation\" stroke-width=\"2\" focusable=\"false\" width=\"22\" height=\"22\" class=\"icon icon-search\" viewbox=\"0 0 22 22\">\n        <circle cx=\"11\" cy=\"10\" r=\"7\" fill=\"none\" stroke=\"currentColor\"><\/circle>\n        <path d=\"m16 15 3 3\" stroke=\"currentColor\" stroke-linecap=\"round\" stroke-linejoin=\"round\"><\/path>\n      <\/svg>","currency_enable":true,"currency_handle":"shopify_currency","curr_t":"Currency","supported_currencies":"USD, USD - US Dollar | EUR, EUR - Euro | GBP, GBP - British Pound","show_user_menu":true,"user_menu_icon":"<svg role=\"presentation\" stroke-width=\"2\" focusable=\"false\" width=\"22\" height=\"22\" class=\"icon icon-account\" viewbox=\"0 0 22 22\">\n        <circle cx=\"11\" cy=\"7\" r=\"4\" fill=\"none\" stroke=\"currentColor\"><\/circle>\n        <path d=\"M3.5 19c1.421-2.974 4.247-5 7.5-5s6.079 2.026 7.5 5\" fill=\"none\" stroke=\"currentColor\" stroke-linecap=\"round\"><\/path>\n      <\/svg>","account_menu_t":"Account","user_menu_handle":"wishlist","login_title":"Login","logout_title":"Log out","register_title":"Create Account","header_cart_icon":"<svg role=\"presentation\" stroke-width=\"2\" focusable=\"false\" width=\"22\" height=\"22\" class=\"icon icon-cart\" viewbox=\"0 0 22 22\">\n            <path d=\"M11 7H3.577A2 2 0 0 0 1.64 9.497l2.051 8A2 2 0 0 0 5.63 19H16.37a2 2 0 0 0 1.937-1.503l2.052-8A2 2 0 0 0 18.422 7H11Zm0 0V1\" fill=\"none\" stroke=\"currentColor\" stroke-linecap=\"round\" stroke-linejoin=\"round\"><\/path>\n          <\/svg>","cart_t":"Shoping Cart","total_t":"Total:","view_cart_title":"View Cart","checkout_title":"Checkout","empty_cart_title":"Your cart is empty now.","show_header_contact":true,"header_contact_icon":"<svg id=\"Capa_1\" enable-background=\"new 0 0 512 512\" viewbox=\"0 0 512 512\" xmlns=\"http:\/\/www.w3.org\/2000\/svg\"><g><path d=\"m512 304.097c0-36.963-28.145-67.473-64.129-71.235v-24.959c0-35.833-9.872-70.552-28.594-100.809 6.104-8.347 6.168-20.078-.574-28.554-39.734-49.914-99.037-78.54-162.703-78.54s-122.969 28.626-162.705 78.542c-6.74 8.474-6.676 20.204-.571 28.552-18.72 30.256-28.595 64.988-28.595 100.809v24.959c-35.984 3.762-64.129 34.272-64.129 71.235 0 37.247 28.582 67.933 64.963 71.308 3.259 13.948 15.788 24.37 30.715 24.37 17.396 0 31.548-14.152 31.548-31.548v-128.259c0-17.396-14.152-31.548-31.548-31.548-6.065 0-11.734 1.725-16.548 4.703v-5.22c0-32.722 8.932-64.454 25.88-92.157 8.922 2.635 18.967-.182 25.114-7.894 4.15-5.213 8.646-10.207 13.365-14.844 2.955-2.903 2.997-7.651.093-10.606-2.902-2.954-7.651-2.996-10.606-.093-5.152 5.062-10.06 10.513-14.585 16.197-2.934 3.681-8.316 4.292-11.994 1.367-3.681-2.93-4.292-8.31-1.363-11.991 36.871-46.318 91.896-72.882 150.966-72.882s114.095 26.564 150.965 72.88c2.93 3.683 2.319 9.063-1.36 11.992-1.526 1.214-3.36 1.856-5.303 1.856-2.623 0-5.061-1.173-6.689-3.218-33.613-42.227-83.771-66.446-137.613-66.446-33.667 0-66.338 9.507-94.479 27.493-3.49 2.23-4.511 6.868-2.28 10.358 2.23 3.49 6.867 4.512 10.358 2.28 25.724-16.44 55.601-25.131 86.401-25.131 49.246 0 95.126 22.156 125.878 60.788 4.491 5.641 11.206 8.876 18.424 8.876 2.268 0 4.514-.353 6.673-.994 16.956 27.708 25.896 59.43 25.896 92.169v5.22c-4.814-2.979-10.483-4.703-16.548-4.703-17.396 0-31.548 14.152-31.548 31.548v128.258c0 17.396 14.152 31.548 31.548 31.548 5.771 0 11.181-1.565 15.84-4.282-5.538 43.621-42.884 77.459-87.985 77.459h-49.521c-3.375-13.786-15.829-24.048-30.64-24.048h-16.032c-17.396 0-31.548 14.152-31.548 31.548s14.151 31.549 31.547 31.549h16.032c14.812 0 27.265-10.262 30.64-24.048h49.521c57.177 0 103.694-46.517 103.694-103.693v-8.927c35.984-3.762 64.129-34.272 64.129-71.235zm-497 0c0-28.681 21.438-52.434 49.129-56.117v112.234c-27.691-3.683-49.129-27.436-49.129-56.117zm80.677-80.678c9.125 0 16.548 7.423 16.548 16.548v128.258c0 9.125-7.423 16.548-16.548 16.548s-16.548-7.423-16.548-16.548v-128.257c0-9.125 7.423-16.549 16.548-16.549zm168.339 273.581h-16.032c-9.125 0-16.548-7.423-16.548-16.548s7.423-16.548 16.548-16.548h16.032c9.125 0 16.548 7.423 16.548 16.548s-7.423 16.548-16.548 16.548zm183.855-136.786v-72.149c0-4.142-3.358-7.5-7.5-7.5s-7.5 3.358-7.5 7.5v80.162c0 9.125-7.423 16.548-16.548 16.548s-16.548-7.423-16.548-16.548v-128.259c0-9.125 7.423-16.548 16.548-16.548s16.548 7.423 16.548 16.548v16.032c0 4.142 3.358 7.5 7.5 7.5s7.5-3.358 7.5-7.5v-8.02c27.691 3.682 49.129 27.436 49.129 56.117s-21.438 52.434-49.129 56.117z\"><\/path><\/g><\/svg>","header_contact_title":"(+01)-800-3456"}}},"order":["header"]}