{"sections":{"main":{"type":"cart-template","settings":{"table_image_title":"Image","table_product_title":"Product","table_price_title":"Price","table_quantity_title":"Quantity","table_total_title":"Total","table_reomove_title":"Remove","update_button_title":"Update Cart","continue_shopping_title":"Continue Shopping","clear_cart_title":"Clear Cart","cart_vendor_enable":false,"delivery_date_enable":true,"delivery_title":"Delivery Date","delivery_date_title":"Pick a delivery date:","delivery_note":"We do not deliver during the week-end.","weekend_handle":"default","weekend":"day != 1 && day != 3 && day != 5","cart_feature":"cart_note","shipping_calculator_heading":"Get shipping estimates","shipping_calculator_button_title":"Calculate shipping","cart_note_title":"Special instructions for seller","cart_total_heading_title":"Cart Totals","cart_subtotal_title":"Subtotal","cart_total_title":"Total","checkout_button_title":"Proceed to Checkout","shopping_cart_title":"Shopping Cart","cart_empty_title":"Your cart is currently empty.","cart_continue_title":"Continue browsing","here_title":"here"}},"deal_collections_hLJ6jq":{"type":"deal-collections","blocks":{"section_padding_xnmbY4":{"type":"section_padding","settings":{"section_padding_top":0,"section_padding_bottom":70,"section_padding_top_md":0,"section_padding_bottom_md":50,"section_padding_top_xs":0,"section_padding_bottom_xs":30}},"feature_product_xPDWBT":{"type":"feature-product","settings":{"feature_column_handle":9,"featured_product_handle":"deal-collection","tab_arsoule_active":true,"tab_arsoule_arrow_enable":true,"product_casoule_row":1,"product_column_handle":"3","product_column_handle_md":"3","product_column_handle_sm":"3","product_column_handle_sm_2":"2","product_column_handle_xs":"2","product_limit_handle":50,"button_title":"","button_url":"shopify:\/\/collections\/all"}},"banner_yUEnUH":{"type":"banner","settings":{"banner_column_handle":3,"featured_banner":"shopify:\/\/shop_images\/deal_1.jpg","featured_banner_url":"shopify:\/\/collections\/all"}}},"block_order":["section_padding_xnmbY4","feature_product_xPDWBT","banner_yUEnUH"],"settings":{"section_width":"box_width","section_title_custom_color":true,"section_title":"<strong>Deal<\/strong> Collections","section_title_color":"#333333","section_title_font":"geometric_415_n6","section_title_font_size":"46","section_title_line_height":60,"section_title_font_size_md":"30","section_title_line_height_md":40,"section_title_font_size_sm":"24","section_title_line_height_sm":35,"section_title_margin_bottom":10,"section_sub_title":"Contrary to popular belief, Lorem Ipsum is not simply random.","section_subtitle_color":"#5a5a5a","section_sub_title_font":"work_sans_n4","section_des_font_size":"18","section_sub_title_line_height":30,"section_des_font_size_md":"16","section_sub_title_line_height_md":28,"section_des_font_size_sm":"16","section_sub_title_line_height_sm":24,"section_sub_title_margin_bottom":10,"title_align":"text-center","deal__style__2":false,"offer_date":"2025\/02\/20","progress_quantity_enable":true,"sold_title":"Sold:","available_title":"Available:","sold_count":"Namespace: sold_count, Key: sold, Value: 40","available_count":"Namespace: available_count, Key: available, Value: 300"}}},"order":["main","deal_collections_hLJ6jq"]}