{"sections":{"a7407384-51c9-47ed-bf64-de55ba74dcb8":{"type":"slider","blocks":{"7020a210-ec64-420e-bdc6-4600d82a1c99":{"type":"slide","settings":{"content_position":"left","content_align":"left","content_animation":"fadeInLeft","slider_content_col":"7","slider_content_col_md":"7","slider_img_enable":false,"slider_img_col":"5","slider_img_col_md":"5","slider_img":"shopify:\/\/shop_images\/pngegg.png","slider_bg_img":"shopify:\/\/shop_images\/box__slider__1.jpg","slider_responsive_img":"shopify:\/\/shop_images\/mobile_box__slider__1.jpg","slider_content_custom_style":true,"sec_bg_color":"#fd6f70","title_top":"","header_top_color":"#f6f6f6","header_font_top":"work_sans_n4","header_font_top_size":"18","header_font_top_line_height":25,"header_font_top_margin_bottom":10,"title1":"High Performance <span>Elegant  Design<\/span>","title1_color":"#ffffff","header_font_slider":"geometric_415_n6","title1_font_size":"70","heading_line_height":85,"title_margin_bottom":25,"heading_bottom_border_line":false,"heading_border_bottom_color":"#ffffff","border_top_spacing":25,"description":"There are many variations of passages of Lorem Ipsum available, but  the majority.","description_color":"#ffffff","paragraph_font_slider":"work_sans_n4","description_font_size":"18","des_line_height":30,"des_margin_bottom":20,"btn":"Explore More","show_icon":true,"btn_url":"shopify:\/\/collections\/all","button_font_slider":"work_sans_n4","button_margin_top":40,"btn_border_radius":50,"button_padding_tb":20,"button_padding_lr":30,"btn_font_size":"16","btn_color":"#000000","btn_bg_color":"#f6f6f6","btn_border_color":"#f6f6f6","btn_hover_color":"#ffffff","btn_hover_bg_color":"#ff6162","btn_hover_border_color":"#ff6162","show_animated_btn":false,"btn_animated":"","animaet_btn_url":"https:\/\/www.youtube.com\/watch?v=_9VUPq3SxOc","animate_button_font":"work_sans_n5","animate_btn_font_size":"18","animate_btn_size":65,"animated_btn_color":"#ff6162"}},"18216f23-ff77-452a-aecd-c5a556949f61":{"type":"slide","settings":{"content_position":"left","content_align":"left","content_animation":"fadeInLeft","slider_content_col":"7","slider_content_col_md":"7","slider_img_enable":false,"slider_img_col":"5","slider_img_col_md":"5","slider_img":"shopify:\/\/shop_images\/pngegg.png","slider_bg_img":"shopify:\/\/shop_images\/box__slider__2.jpg","slider_responsive_img":"shopify:\/\/shop_images\/mobile_box__slider__2.jpg","slider_content_custom_style":true,"sec_bg_color":"#fd6f70","title_top":"","header_top_color":"#f6f6f6","header_font_top":"work_sans_n4","header_font_top_size":"18","header_font_top_line_height":25,"header_font_top_margin_bottom":10,"title1":"High Performance  Elegant  Design","title1_color":"#ffffff","header_font_slider":"geometric_415_n6","title1_font_size":"70","heading_line_height":85,"title_margin_bottom":25,"heading_bottom_border_line":false,"heading_border_bottom_color":"#ffffff","border_top_spacing":25,"description":"There are many variations of passages of Lorem Ipsum available, but  the majority have suffered alteration.","description_color":"#ffffff","paragraph_font_slider":"work_sans_n4","description_font_size":"18","des_line_height":30,"des_margin_bottom":20,"btn":"Explore More","show_icon":true,"btn_url":"shopify:\/\/collections\/all","button_font_slider":"work_sans_n4","button_margin_top":40,"btn_border_radius":50,"button_padding_tb":20,"button_padding_lr":30,"btn_font_size":"16","btn_color":"#000000","btn_bg_color":"#f6f6f6","btn_border_color":"#f6f6f6","btn_hover_color":"#ffffff","btn_hover_bg_color":"#ff6162","btn_hover_border_color":"#ff6162","show_animated_btn":false,"btn_animated":"","animaet_btn_url":"https:\/\/www.youtube.com\/watch?v=_9VUPq3SxOc","animate_button_font":"work_sans_n5","animate_btn_font_size":"18","animate_btn_size":65,"animated_btn_color":"#ff6162"}},"dcc9702c-26f2-4aef-b629-f308a8ead0d4":{"type":"slide","settings":{"content_position":"left","content_align":"left","content_animation":"fadeInLeft","slider_content_col":"7","slider_content_col_md":"7","slider_img_enable":false,"slider_img_col":"5","slider_img_col_md":"5","slider_img":"shopify:\/\/shop_images\/pngegg.png","slider_bg_img":"shopify:\/\/shop_images\/box__slider__3.jpg","slider_responsive_img":"shopify:\/\/shop_images\/mobile_box__slider__3.jpg","slider_content_custom_style":true,"sec_bg_color":"#fd6f70","title_top":"","header_top_color":"#f6f6f6","header_font_top":"work_sans_n4","header_font_top_size":"18","header_font_top_line_height":25,"header_font_top_margin_bottom":10,"title1":"High Performance <span>Elegant  Design<\/span>","title1_color":"#ffffff","header_font_slider":"geometric_415_n6","title1_font_size":"70","heading_line_height":85,"title_margin_bottom":25,"heading_bottom_border_line":false,"heading_border_bottom_color":"#ffffff","border_top_spacing":25,"description":"There are many variations of passages of Lorem Ipsum available, but  the majority have suffered alteration.","description_color":"#ffffff","paragraph_font_slider":"work_sans_n4","description_font_size":"18","des_line_height":30,"des_margin_bottom":20,"btn":"Explore More","show_icon":true,"btn_url":"shopify:\/\/collections\/all","button_font_slider":"work_sans_n4","button_margin_top":40,"btn_border_radius":50,"button_padding_tb":20,"button_padding_lr":30,"btn_font_size":"16","btn_color":"#000000","btn_bg_color":"#f6f6f6","btn_border_color":"#f6f6f6","btn_hover_color":"#ffffff","btn_hover_bg_color":"#ff6162","btn_hover_border_color":"#ff6162","show_animated_btn":false,"btn_animated":"","animaet_btn_url":"https:\/\/www.youtube.com\/watch?v=_9VUPq3SxOc","animate_button_font":"work_sans_n5","animate_btn_font_size":"18","animate_btn_size":65,"animated_btn_color":"#ff6162"}},"49ef153c-5b81-40e0-a687-80bbd5290f15":{"type":"section_background","settings":{"section_bg_image":"shopify:\/\/shop_images\/slider__bg__1.jpg","section_bg_color":"#f6f6f6"}},"859c2155-9586-4bff-9aac-fa1b35da7a13":{"type":"section_padding","settings":{"section_padding_top":110,"section_padding_bottom":80,"section_padding_top_md":70,"section_padding_bottom_md":50,"section_padding_top_xs":70,"section_padding_bottom_xs":30}}},"block_order":["7020a210-ec64-420e-bdc6-4600d82a1c99","18216f23-ff77-452a-aecd-c5a556949f61","dcc9702c-26f2-4aef-b629-f308a8ead0d4","49ef153c-5b81-40e0-a687-80bbd5290f15","859c2155-9586-4bff-9aac-fa1b35da7a13"],"settings":{"section_width":"box_width","content_width":"default","slider_height_opt":"fixed_height","slider_option":"style__one","enable_responsive_style_2":true,"p_top":"700","enable_custom_res_height":true,"slider_height_1366":600,"slider_height_1170":600,"slider_height_991":500,"slider_height_767":900,"slider_height_575":900,"nav_style":"style_2","nav_custom_style":true,"nav_border_radius":50,"controlnav_color":"#ff6162","controlnav_bg_color":"#e1e1e1","controlnav_border_color":"#e1e1e1","hover_controlnav_color":"#ffffff","hover_controlnav_bg_color":"#ff6162","hover_controlnav_border_color":"#ff6162","dot_style":"dot_bottom","dot_custom_style":true,"dot_color":"#ffffff","dot_active_color":"#ffffff"}},"4fe5034d-cc23-4c58-b0ae-db623816b5e3":{"type":"best-collection","blocks":{"81e38558-6aa6-4f8e-ab81-5358963e7acd":{"type":"collection","settings":{"content_align":"text-center","service_icon":"","icon_font_size":"30","img1":"shopify:\/\/shop_images\/cat_1.png","t1":"Laptop","svg_icon_enable":true,"t2":"","btn1_url":"shopify:\/\/collections\/all","banner_custom_color":true,"bg_color":"#fcf9fd","border_color":"#eeeeee","ft_icon_color":"#757575","t1_color":"#1f2226","t1_color_hover":"#ff6162","t2_color":"#1f2226"}},"9f0e8afb-a215-457f-945d-e778f0d5aa0f":{"type":"collection","settings":{"content_align":"text-center","service_icon":"","icon_font_size":"30","img1":"shopify:\/\/shop_images\/cat_2.png","t1":"Smart TV","svg_icon_enable":true,"t2":"","btn1_url":"shopify:\/\/collections\/all","banner_custom_color":true,"bg_color":"#fcf9fd","border_color":"#eeeeee","ft_icon_color":"#757575","t1_color":"#1f2226","t1_color_hover":"#ff6162","t2_color":"#1f2226"}},"ffe5ea9f-ab1d-41ff-bd7e-b4325a28d3f9":{"type":"collection","settings":{"content_align":"text-center","service_icon":"","icon_font_size":"30","img1":"shopify:\/\/shop_images\/cat_3.png","t1":"Smartphone","svg_icon_enable":true,"t2":"","btn1_url":"shopify:\/\/collections\/all","banner_custom_color":true,"bg_color":"#fcf9fd","border_color":"#eeeeee","ft_icon_color":"#757575","t1_color":"#1f2226","t1_color_hover":"#ff6162","t2_color":"#1f2226"}},"34dc0543-b44b-434c-bb74-9fa93c43d16b":{"type":"collection","settings":{"content_align":"text-center","service_icon":"","icon_font_size":"30","img1":"shopify:\/\/shop_images\/cat_4.png","t1":"Tablet","svg_icon_enable":true,"t2":"","btn1_url":"shopify:\/\/collections\/all","banner_custom_color":true,"bg_color":"#fcf9fd","border_color":"#eeeeee","ft_icon_color":"#757575","t1_color":"#1f2226","t1_color_hover":"#ff6162","t2_color":"#1f2226"}},"9e1945d5-4b1e-47e9-af6d-128edae99f68":{"type":"collection","settings":{"content_align":"text-center","service_icon":"","icon_font_size":"30","img1":"shopify:\/\/shop_images\/cat_5.png","t1":"Accessories","svg_icon_enable":true,"t2":"","btn1_url":"shopify:\/\/collections\/all","banner_custom_color":true,"bg_color":"#fcf9fd","border_color":"#eeeeee","ft_icon_color":"#757575","t1_color":"#1f2226","t1_color_hover":"#ff6162","t2_color":"#1f2226"}},"c7087981-bce3-4b04-90af-07f5e827f1a8":{"type":"collection","settings":{"content_align":"text-center","service_icon":"","icon_font_size":"30","img1":"shopify:\/\/shop_images\/cat_6.png","t1":"Action Cam","svg_icon_enable":true,"t2":"","btn1_url":"shopify:\/\/collections\/all","banner_custom_color":true,"bg_color":"#fcf9fd","border_color":"#eeeeee","ft_icon_color":"#757575","t1_color":"#1f2226","t1_color_hover":"#ff6162","t2_color":"#1f2226"}},"00865521-d60f-49d4-be15-f0508b2db9d5":{"type":"collection","settings":{"content_align":"text-center","service_icon":"","icon_font_size":"30","img1":"shopify:\/\/shop_images\/cat_7.png","t1":"Smart LED","svg_icon_enable":true,"t2":"","btn1_url":"shopify:\/\/collections\/all","banner_custom_color":true,"bg_color":"#fcf9fd","border_color":"#eeeeee","ft_icon_color":"#757575","t1_color":"#1f2226","t1_color_hover":"#ff6162","t2_color":"#1f2226"}},"774b0ae2-7e9f-47d2-afe1-2f40aafc90de":{"type":"collection","settings":{"content_align":"text-center","service_icon":"","icon_font_size":"30","img1":"shopify:\/\/shop_images\/cat_8.png","t1":"Appliances","svg_icon_enable":true,"t2":"","btn1_url":"shopify:\/\/collections\/all","banner_custom_color":true,"bg_color":"#fcf9fd","border_color":"#eeeeee","ft_icon_color":"#757575","t1_color":"#1f2226","t1_color_hover":"#ff6162","t2_color":"#1f2226"}},"678f61a2-e57a-494f-ab13-589618accb31":{"type":"section_padding","settings":{"section_padding_top":60,"section_padding_bottom":0,"section_padding_top_md":50,"section_padding_bottom_md":0,"section_padding_top_xs":50,"section_padding_bottom_xs":0}}},"block_order":["81e38558-6aa6-4f8e-ab81-5358963e7acd","9f0e8afb-a215-457f-945d-e778f0d5aa0f","ffe5ea9f-ab1d-41ff-bd7e-b4325a28d3f9","34dc0543-b44b-434c-bb74-9fa93c43d16b","9e1945d5-4b1e-47e9-af6d-128edae99f68","c7087981-bce3-4b04-90af-07f5e827f1a8","00865521-d60f-49d4-be15-f0508b2db9d5","774b0ae2-7e9f-47d2-afe1-2f40aafc90de","678f61a2-e57a-494f-ab13-589618accb31"],"settings":{"section_width":"box_width","section_title_custom_color":true,"collection__img__size":"large__size","border__style__enable":true,"border__radius__enable":true,"section_title":"Popular <strong>Categories<\/strong>","section_title_color":"#333333","section_title_font":"geometric_415_n6","section_title_font_size":"46","section_title_line_height":60,"section_title_font_size_md":"30","section_title_line_height_md":40,"section_title_font_size_sm":"24","section_title_line_height_sm":35,"section_title_margin_bottom":10,"section_sub_title":"Contrary to popular belief, Lorem Ipsum is not simply random.","section_subtitle_color":"#5a5a5a","section_sub_title_font":"work_sans_n4","section_des_font_size":"18","section_sub_title_line_height":30,"section_des_font_size_md":"16","section_sub_title_line_height_md":28,"section_des_font_size_sm":"16","section_sub_title_line_height_sm":24,"section_sub_title_margin_bottom":10,"title_align":"text-center","tab_arsoule_active":true,"tab_arsoule_arrow_enable":true,"product_column_handle":"6","product_column_handle_md":"4","product_column_handle_sm":"3","img_border_radius":200}},"91ad642b-8010-4c62-8e78-caafdbea6b9f":{"type":"animate-content","blocks":{"d8688be8-612e-4815-94be-e0208df3f097":{"type":"single_content","settings":{"single_animate_content":"Hot Sale","single_animate_content_url":"","single_animate_content_color":"#1f2226","stroke_enable":false}},"template--15496772583469__91ad642b-8010-4c62-8e78-caafdbea6b9f-167592253878d19466-2":{"type":"single_content","settings":{"single_animate_content":"Best Selling","single_animate_content_url":"","single_animate_content_color":"#1f2226","stroke_enable":true}},"template--15496772583469__91ad642b-8010-4c62-8e78-caafdbea6b9f-167592253878d19466-0":{"type":"single_content","settings":{"single_animate_content":"New Arrival","single_animate_content_url":"","single_animate_content_color":"#ff6162","stroke_enable":false}},"template--15496772583469__91ad642b-8010-4c62-8e78-caafdbea6b9f-167592253878d19466-1":{"type":"single_content","settings":{"single_animate_content":"Top Ratted","single_animate_content_url":"shopify:\/\/collections\/featured-products","single_animate_content_color":"#ff6162","stroke_enable":true}},"54e21af4-9938-43e5-9ea7-03bb60e67e11":{"type":"single_content","settings":{"single_animate_content":"New Arrival","single_animate_content_url":"","single_animate_content_color":"#1f2226","stroke_enable":false}},"9d180604-262b-4aac-a54e-116c696cd913":{"type":"single_content","settings":{"single_animate_content":"New Arrival","single_animate_content_url":"","single_animate_content_color":"#1f2226","stroke_enable":false}},"33b52d6a-9bc1-4dd1-9100-43432235f91d":{"type":"single_content","settings":{"single_animate_content":"New Collection","single_animate_content_url":"","single_animate_content_color":"#ff6162","stroke_enable":true}},"template--15496772583469__91ad642b-8010-4c62-8e78-caafdbea6b9f-167592253878d19466-3":{"type":"section_padding","settings":{"section_padding_top":80,"section_padding_bottom":0,"section_padding_top_md":40,"section_padding_bottom_md":0,"section_padding_top_xs":30,"section_padding_bottom_xs":0}}},"block_order":["d8688be8-612e-4815-94be-e0208df3f097","template--15496772583469__91ad642b-8010-4c62-8e78-caafdbea6b9f-167592253878d19466-2","template--15496772583469__91ad642b-8010-4c62-8e78-caafdbea6b9f-167592253878d19466-0","template--15496772583469__91ad642b-8010-4c62-8e78-caafdbea6b9f-167592253878d19466-1","54e21af4-9938-43e5-9ea7-03bb60e67e11","9d180604-262b-4aac-a54e-116c696cd913","33b52d6a-9bc1-4dd1-9100-43432235f91d","template--15496772583469__91ad642b-8010-4c62-8e78-caafdbea6b9f-167592253878d19466-3"],"settings":{"section_width":"default","section_title_custom_color":false,"section_title":"","section_title_color":"#1f2226","section_title_font":"poppins_n6","section_title_font_size":"30","section_title_line_height":40,"section_title_font_size_md":"24","section_title_line_height_md":35,"section_title_font_size_sm":"20","section_title_line_height_sm":30,"section_title_margin_bottom":10,"section_sub_title":"","section_subtitle_color":"#5a5a5a","section_sub_title_font":"poppins_n6","section_des_font_size":"14","section_sub_title_line_height":24,"section_des_font_size_md":"14","section_sub_title_line_height_md":24,"section_des_font_size_sm":"14","section_sub_title_line_height_sm":24,"section_sub_title_margin_bottom":10,"title_align":"text-center","animate_content_font":"poppins_n6","animation_speed":"70"}},"1645959322bded8804":{"type":"featured-collection","blocks":{"16459593227e2eedc4-0":{"type":"section_padding","settings":{"section_padding_top":100,"section_padding_bottom":70,"section_padding_top_md":60,"section_padding_bottom_md":60,"section_padding_top_xs":50,"section_padding_bottom_xs":50}},"16459593227e2eedc4-1":{"type":"feature-product","settings":{"feature_column_handle":12,"feature_column_handle_2":9,"featured_product_handle":"best-selling","tab_arsoule_active":true,"tab_arsoule_arrow_enable":true,"product_casoule_row":1,"product_column_handle":"5","product_column_handle_md":"4","product_column_handle_sm":"3","product_column_handle_sm_2":"3","product_column_handle_xs":"2","product_limit_handle":8,"button_title":"","button_url":"shopify:\/\/collections\/best-selling"}},"1d0abab9-4def-44af-8a24-758a7bf89c51":{"type":"banner","disabled":true,"settings":{"banner_column_handle":3,"banner_column_handle_2":6,"featured_banner_url":"shopify:\/\/collections\/all"}}},"block_order":["16459593227e2eedc4-0","16459593227e2eedc4-1","1d0abab9-4def-44af-8a24-758a7bf89c51"],"settings":{"section_width":"full_width","collection_width_style":"featured__collection__wrap","section_title_custom_color":true,"section_title":"Featured <strong>Collections<\/strong>","section_title_color":"#333333","section_title_font":"geometric_415_n6","section_title_font_size":"46","section_title_line_height":60,"section_title_font_size_md":"30","section_title_line_height_md":40,"section_title_font_size_sm":"24","section_title_line_height_sm":35,"section_title_margin_bottom":10,"section_sub_title":"Awesome to popular belief, Lorem Ipsum is not simply random.","section_subtitle_color":"#5a5a5a","section_sub_title_font":"work_sans_n4","section_des_font_size":"18","section_sub_title_line_height":30,"section_des_font_size_md":"16","section_sub_title_line_height_md":28,"section_des_font_size_sm":"16","section_sub_title_line_height_sm":24,"section_sub_title_margin_bottom":10,"title_align":"text-left","grid__inventory":true}},"ca30086d-7ad2-47ad-905b-bf5351f5ca9e":{"type":"banner","blocks":{"template--15513976569901__ca30086d-7ad2-47ad-905b-bf5351f5ca9e-1678341559400d43fc-0":{"type":"banner","disabled":true,"settings":{"product_column_handle":"12","product_column_handle_md":"12","product_column_handle_sm":"12","img1":"shopify:\/\/shop_images\/special__promotion2.jpg","t1":"LIMITED TIME OFFER","t2":"50% <span>Off<\/span>","btn1":"Shop Now","btn1_url":"shopify:\/\/collections\/all","text1_p":"style_spb","banner__img__left":true,"banner_custom_enable":true,"t1_color":"#ff6162","t2_color":"#ff6162","btn1_color":"#ff6162","btn1_border_color":"#cccccc","banner__bg__color":"#eeeeee"}},"template--15513976569901__ca30086d-7ad2-47ad-905b-bf5351f5ca9e-1678341559400d43fc-1":{"type":"banner","settings":{"product_column_handle":"12","product_column_handle_md":"12","product_column_handle_sm":"12","img1":"shopify:\/\/shop_images\/special__promotion1.jpg","t1":"Limited TIme Offer","t2":"BIG <span>SALE<\/span>","btn1":"Shop Now","btn1_url":"shopify:\/\/collections\/all","text1_p":"style_spb","banner__img__left":true,"banner_custom_enable":true,"t1_color":"#1f2226","t2_color":"#1f2226","btn1_color":"#1f2226","btn1_border_color":"#ff6162","banner__bg__color":"#fcf2f2"}},"027a0c05-69e5-488a-b6ba-51740adf5aa8":{"type":"section_background","disabled":true,"settings":{"section_bg_color":"#f6f6f6"}},"fa8ee4c3-afa4-4b10-ab2a-b730dcec79ad":{"type":"section_margin","disabled":true,"settings":{"section_margin_top":0,"section_margin_bottom":0,"section_margin_top_md":0,"section_margin_bottom_md":70,"section_margin_top_xs":0,"section_margin_bottom_xs":60}},"eda12996-527d-4f31-92f3-a8831930e67e":{"type":"banner","disabled":true,"settings":{"product_column_handle":"6","product_column_handle_md":"4","product_column_handle_sm":"6","t1":"15% off","t2":"Table Shiner Moving.","btn1":"SHOP NOW","btn1_url":"shopify:\/\/collections\/all","text1_p":"style_5","banner__img__left":false,"banner_custom_enable":false,"t1_color":"#1f2226","t2_color":"#1f2226","btn1_color":"#1f2226","btn1_border_color":"#1f2226","banner__bg__color":"#eeeeee"}}},"block_order":["template--15513976569901__ca30086d-7ad2-47ad-905b-bf5351f5ca9e-1678341559400d43fc-0","template--15513976569901__ca30086d-7ad2-47ad-905b-bf5351f5ca9e-1678341559400d43fc-1","027a0c05-69e5-488a-b6ba-51740adf5aa8","fa8ee4c3-afa4-4b10-ab2a-b730dcec79ad","eda12996-527d-4f31-92f3-a8831930e67e"],"settings":{"section_width":"default","no_gutter_enable":false,"tab_arsoule_active":false,"carsoule_banner_col":6,"carsoule_banner_col_lg":6,"carsoule_banner_col_md":6,"carsoule_banner_col_sm":1,"tab_arsoule_arrow_enable":true,"product_casoule_row":2}},"4d3224a1-fdfc-4547-8241-a32089041590":{"type":"tab-with-product","blocks":{"ce262e80-a276-4a44-9624-e384c547c584":{"type":"tab_with_product","settings":{"tab_product_handle":"new-products"}},"60c7fee1-cdd2-45ea-b46c-390019f3aa4b":{"type":"tab_with_product","settings":{"tab_product_handle":"featured-item"}},"7c4fc44a-a745-4599-928c-9d44648e8cae":{"type":"tab_with_product","settings":{"tab_product_handle":"top-ratted"}},"5c0dd616-b133-43d7-93dc-a8f310a03259":{"type":"section_padding","settings":{"section_padding_top":90,"section_padding_bottom":80,"section_padding_top_md":80,"section_padding_bottom_md":70,"section_padding_top_xs":70,"section_padding_bottom_xs":60}}},"block_order":["ce262e80-a276-4a44-9624-e384c547c584","60c7fee1-cdd2-45ea-b46c-390019f3aa4b","7c4fc44a-a745-4599-928c-9d44648e8cae","5c0dd616-b133-43d7-93dc-a8f310a03259"],"settings":{"section_width":"box_width","section_title_custom_color":true,"section_title":"Popular <strong>Collections<\/strong>","section_title_color":"#333333","section_title_font":"geometric_415_n6","section_title_font_size":"46","section_title_line_height":60,"section_title_font_size_md":"30","section_title_line_height_md":40,"section_title_font_size_sm":"24","section_title_line_height_sm":35,"section_title_margin_bottom":10,"section_sub_title":"Contrary to popular belief, Lorem Ipsum is not simply random.","section_subtitle_color":"#5a5a5a","section_sub_title_font":"work_sans_n4","section_des_font_size":"18","section_sub_title_line_height":30,"section_des_font_size_md":"16","section_sub_title_line_height_md":28,"section_des_font_size_sm":"16","section_sub_title_line_height_sm":24,"section_sub_title_margin_bottom":10,"title_align":"text-center","show_tab_banner":false,"banner_column_handle":4,"banner_position":"banner_right","featured_banner":"shopify:\/\/shop_images\/promotional__banner__2.jpg","featured_banner_url":"shopify:\/\/collections\/all","tab_column_handle":12,"product_limit_handle":9,"tab_arsoule_active":false,"tab_arsoule_arrow_enable":true,"product_casoule_row":3,"product_column_handle":"4","product_column_handle_md":"6","product_column_handle_sm":"6","product_column_handle_sm_2":"6","product_column_handle_xs":"2","tab_title_position":"position_center","tab_name_font_size":"22","tab_title_color":"#1f2226","tab_title_bg_color":"rgba(0,0,0,0)","tab_title_active_color":"#ff6162","tab_title_active_bg_color":"rgba(0,0,0,0)","tab_border_radius":0,"tab__grid__style":"list__style","grid__inventory":true}},"15f163a4-d350-44de-8204-7e697633fcaa":{"type":"deal-collections","blocks":{"58aef64e-5f3f-4dd5-9ec6-5b9cf89f27f3":{"type":"section_padding","settings":{"section_padding_top":0,"section_padding_bottom":70,"section_padding_top_md":0,"section_padding_bottom_md":50,"section_padding_top_xs":0,"section_padding_bottom_xs":30}},"2f6cb489-6c7f-464a-adaf-e2bcbb7709cb":{"type":"feature-product","settings":{"feature_column_handle":9,"featured_product_handle":"deal-collection","tab_arsoule_active":true,"tab_arsoule_arrow_enable":true,"product_casoule_row":1,"product_column_handle":"3","product_column_handle_md":"3","product_column_handle_sm":"2","product_column_handle_sm_2":"2","product_column_handle_xs":"2","product_limit_handle":50,"button_title":"","button_url":"shopify:\/\/collections\/all"}},"5fcf1f88-885a-4cde-956f-291917b305b5":{"type":"banner","settings":{"banner_column_handle":3,"featured_banner":"shopify:\/\/shop_images\/deal_1.jpg","featured_banner_url":"shopify:\/\/collections\/all"}}},"block_order":["58aef64e-5f3f-4dd5-9ec6-5b9cf89f27f3","2f6cb489-6c7f-464a-adaf-e2bcbb7709cb","5fcf1f88-885a-4cde-956f-291917b305b5"],"settings":{"section_width":"default","section_title_custom_color":true,"section_title":"<strong>Deal<\/strong> Collections","section_title_color":"#333333","section_title_font":"geometric_415_n6","section_title_font_size":"46","section_title_line_height":60,"section_title_font_size_md":"30","section_title_line_height_md":40,"section_title_font_size_sm":"24","section_title_line_height_sm":35,"section_title_margin_bottom":10,"section_sub_title":"Contrary to popular belief, Lorem Ipsum is not simply random.","section_subtitle_color":"#5a5a5a","section_sub_title_font":"work_sans_n4","section_des_font_size":"18","section_sub_title_line_height":30,"section_des_font_size_md":"16","section_sub_title_line_height_md":28,"section_des_font_size_sm":"16","section_sub_title_line_height_sm":24,"section_sub_title_margin_bottom":10,"title_align":"text-center","deal__style__2":false,"offer_date":"2026\/02\/20","progress_quantity_enable":true,"sold_title":"Sold:","available_title":"Available:","sold_count":"Namespace: sold_count, Key: sold, Value: 40","available_count":"Namespace: available_count, Key: available, Value: 300"}},"16335890543c7ff7c6":{"type":"latest-blog","blocks":{"16335890543c7ff7c6-0":{"type":"section_padding","settings":{"section_padding_top":0,"section_padding_bottom":60,"section_padding_top_md":0,"section_padding_bottom_md":50,"section_padding_top_xs":20,"section_padding_bottom_xs":50}}},"block_order":["16335890543c7ff7c6-0"],"settings":{"section_width":"default","section_title_custom_color":true,"section_title":"Latest <strong>Blog<\/strong>","section_title_color":"#333333","section_title_font":"geometric_415_n6","section_title_font_size":"46","section_title_line_height":60,"section_title_font_size_md":"30","section_title_line_height_md":40,"section_title_font_size_sm":"24","section_title_line_height_sm":35,"section_title_margin_bottom":10,"section_sub_title":"Contrary to popular belief, Lorem Ipsum is not simply random.","section_subtitle_color":"#5a5a5a","section_sub_title_font":"work_sans_n4","section_des_font_size":"18","section_sub_title_line_height":30,"section_des_font_size_md":"16","section_sub_title_line_height_md":28,"section_des_font_size_sm":"16","section_sub_title_line_height_sm":24,"section_sub_title_margin_bottom":10,"title_align":"text-center","blog_handle":"news","button_title":"Read More...","bgrid":"grid_1","blog_limit_handle":20,"content_align":"center","tab_arsoule_active":true,"tab_arsoule_arrow_enable":true,"product_column_handle":"3","product_column_handle_md":"2","product_column_handle_sm":"2","blog_image_enable":true,"blog_title_enable":true,"blog_comments_enable":true,"blog_date_enable":true,"blog_text_enable":true,"blog_button_enable":true}},"eab28900-1353-43bc-a9fe-37e4dfc05041":{"type":"promotion-banner","blocks":{"template--15496772583469__eab28900-1353-43bc-a9fe-37e4dfc05041-16759216222a7a4b2f-0":{"type":"section_padding","settings":{"section_padding_top":0,"section_padding_bottom":100,"section_padding_top_md":0,"section_padding_bottom_md":80,"section_padding_top_xs":0,"section_padding_bottom_xs":80}},"2807c154-e641-4473-b0b8-a464ab0ab986":{"type":"promoton-content","disabled":true,"settings":{"content_product_column_handle":"8","content_product_column_handle_md":"12","content_custom_color":true,"t1":"LM10","title_1_gradient_style":true,"bottom_title":"geometric_415_n7","bottom_title_font_size":"250","bottom_title_font_line_height":"250","bottom_title_font_size_md":"150","bottom_title_font_line_height_md":"150","bottom_title_font_size_sm":"100","bottom_title_font_line_height_sm":"100","t1_color":"#ff6162","bottom_title_margin":15,"t2":"Your dream modle","top_title":"geometric_415_n6","top_title_font_size":"60","top_title_font_line_height":"70","top_title_font_size_md":"40","top_title_font_line_height_md":"50","top_title_font_size_sm":"30","top_title_font_line_height_sm":"40","t2_color":"#333333","top_title_margin":16,"heading_bottom_border_line":false,"heading_border_bottom_color":"#333333","border_top_spacing":10,"des_text":"For all your new drone, seating & storage needs, all at fantastic prices.","des_text_font":"work_sans_n4","des_text_color":"#1f2226","des_text_font_size":"18","des_text_font_line_height":"28","des_text_font_size_md":"16","des_text_font_line_height_md":"26","des_text_font_size_sm":"16","des_text_font_line_height_sm":"24","des_text_font_margin":15,"countdown_date":"","count_border_disable":false,"border_radius_count":10,"btn1":"SHOP NOW","btn1_url":"shopify:\/\/collections\/all","button_title":"geometric_415_n6","button_title_font_size":"16","button_title_margin":20,"button_style":"banner_style_2","button_border_radius":50,"button_padding_tb":20,"button_padding_lr":50,"btn1_color":"#1f2226","btn1_hover_color":"#ff6162","btn1_bg_color":"#ffffff","btn1_bg_hover_color":"#000000","btn1_border_color":"#000000","btn1_border_hover_color":"#000000"}},"e8f10049-7965-49c5-8afd-70bb951008fd":{"type":"promoton-img","disabled":true,"settings":{"promotion_img_enable":true,"img_product_column_handle":"8","img_product_column_handle_md":"12","img1":"shopify:\/\/shop_images\/promotional__banner__5.png","video_btn_enable":false,"video_btn_url":"https:\/\/www.youtube.com\/watch?v=_9VUPq3SxOc"}},"8e1c1d80-4008-48b0-903d-98fc3b3a4970":{"type":"promoton-code","settings":{"pc__image":"shopify:\/\/shop_images\/promotion_tag.png","pc__sub__title":"Use discount code in checkout!","pc__main__title":"Discount 50% for first purchase.","pc__promo__code":"WELCO50%"}}},"block_order":["template--15496772583469__eab28900-1353-43bc-a9fe-37e4dfc05041-16759216222a7a4b2f-0","2807c154-e641-4473-b0b8-a464ab0ab986","e8f10049-7965-49c5-8afd-70bb951008fd","8e1c1d80-4008-48b0-903d-98fc3b3a4970"],"settings":{"section_width":"default","section_title_custom_color":true,"section_title":"","section_title_color":"#1f2226","section_title_font":"poppins_n6","section_title_font_size":"30","section_title_line_height":40,"section_title_font_size_md":"24","section_title_line_height_md":35,"section_title_font_size_sm":"20","section_title_line_height_sm":30,"section_title_margin_bottom":10,"section_sub_title":"","section_subtitle_color":"#5a5a5a","section_sub_title_font":"poppins_n6","section_des_font_size":"14","section_sub_title_line_height":24,"section_des_font_size_md":"14","section_sub_title_line_height_md":24,"section_des_font_size_sm":"14","section_sub_title_line_height_sm":24,"section_sub_title_margin_bottom":10,"title_align":"text-center","content_position":"left-def","content_align":"text-left","section__inner__bg__enable":false,"section__inner__bg__color":"#eeeeee"}},"c932fc6a-0e10-44dc-9340-8c6439301229":{"type":"featured-compare-product","blocks":{"template--15496772583469__c932fc6a-0e10-44dc-9340-8c6439301229-1675924213ac9e5b1c-0":{"type":"single_compare_item","settings":{"item_column_handle":"6","compare_item_handle":"digital-dynamic-sphere","compare_feature_item_enable":true,"compare_feature_item_1":"<strong>Battery:<\/strong> 2000 Amp","compare_feature_item_2":"<strong>Size:<\/strong> Two Inc","compare_feature_item_3":"<strong>Volume:<\/strong> 6 DB","compare_feature_item_4":"<strong>Color:<\/strong> Pink","compare_feature_item_5":"<strong>Backup:<\/strong> 48 Hour","button_title":"Explore More"}},"template--15496772583469__c932fc6a-0e10-44dc-9340-8c6439301229-1675924213ac9e5b1c-1":{"type":"single_compare_item","settings":{"item_column_handle":"6","compare_item_handle":"electric-elevation-zone","compare_feature_item_enable":true,"compare_feature_item_1":"<strong>Battery:<\/strong> 5000 Amp","compare_feature_item_2":"<strong>Size:<\/strong> Two Inc","compare_feature_item_3":"<strong>Volume:<\/strong> 10 DB","compare_feature_item_4":"<strong>Color:<\/strong> Blue","compare_feature_item_5":"<strong>Backup:<\/strong> 96 Hour","button_title":"Explore More"}},"template--15496772583469__c932fc6a-0e10-44dc-9340-8c6439301229-1675924213ac9e5b1c-2":{"type":"section_padding","settings":{"section_padding_top":0,"section_padding_bottom":100,"section_padding_top_md":0,"section_padding_bottom_md":80,"section_padding_top_xs":0,"section_padding_bottom_xs":60}}},"block_order":["template--15496772583469__c932fc6a-0e10-44dc-9340-8c6439301229-1675924213ac9e5b1c-0","template--15496772583469__c932fc6a-0e10-44dc-9340-8c6439301229-1675924213ac9e5b1c-1","template--15496772583469__c932fc6a-0e10-44dc-9340-8c6439301229-1675924213ac9e5b1c-2"],"settings":{"section_width":"box_width","section_title_custom_color":true,"section_title":"Which <strong>Classical Gadgets <\/strong>best for you ?","section_title_color":"#333333","section_title_font":"geometric_415_n6","section_title_font_size":"46","section_title_line_height":60,"section_title_font_size_md":"30","section_title_line_height_md":40,"section_title_font_size_sm":"24","section_title_line_height_sm":35,"section_title_margin_bottom":20,"section_sub_title":"Contrary to popular belief, Lorem Ipsum is not simply. Bontrary belief, Sorem kpsum unideds.","section_subtitle_color":"#5a5a5a","section_sub_title_font":"work_sans_n4","section_des_font_size":"18","section_sub_title_line_height":30,"section_des_font_size_md":"18","section_sub_title_line_height_md":28,"section_des_font_size_sm":"16","section_sub_title_line_height_sm":24,"section_sub_title_margin_bottom":10,"title_align":"text-center","compare__border__color":"#eeeeee","compare__bg__color":"#ffffff"}},"16455959428295b327":{"type":"service","blocks":{"16455959423b050755-0":{"type":"service","settings":{"show_service_img":true,"service_icon":"","service_img":"shopify:\/\/shop_images\/fast-delivery.png","title":"Free Shipping","content":"Order over amount $100","service_bg_color":"#ffffff","ft_title_color":"#333333","ft_content_color":"#333333"}},"16455959423b050755-1":{"type":"service","settings":{"show_service_img":true,"service_icon":"","service_img":"shopify:\/\/shop_images\/credit-card.png","title":"Secure Payment","content":"100% Secure Payment","service_bg_color":"#ffffff","ft_title_color":"#242424","ft_content_color":"#757575"}},"16455959423b050755-2":{"type":"service","settings":{"show_service_img":true,"service_icon":"","service_img":"shopify:\/\/shop_images\/sale.png","title":"Best Price","content":"Guaranteed Low Cost","service_bg_color":"#ffffff","ft_title_color":"#242424","ft_content_color":"#757575"}},"5e892cb4-19dc-49ed-aeb4-d15264faa43f":{"type":"service","settings":{"show_service_img":true,"service_icon":"","service_img":"shopify:\/\/shop_images\/product-return.png","title":"Easy Return","content":"Within 30 Days returns","service_bg_color":"#ffffff","ft_title_color":"#242424","ft_content_color":"#757575"}},"c7aaf730-142d-432c-adc5-4906bc16f1cb":{"type":"section_padding","settings":{"section_padding_top":0,"section_padding_bottom":50,"section_padding_top_md":0,"section_padding_bottom_md":40,"section_padding_top_xs":0,"section_padding_bottom_xs":30}}},"block_order":["16455959423b050755-0","16455959423b050755-1","16455959423b050755-2","5e892cb4-19dc-49ed-aeb4-d15264faa43f","c7aaf730-142d-432c-adc5-4906bc16f1cb"],"settings":{"section_width":"box_width","service_style":"style_three","service_col":"3"}}},"order":["a7407384-51c9-47ed-bf64-de55ba74dcb8","4fe5034d-cc23-4c58-b0ae-db623816b5e3","91ad642b-8010-4c62-8e78-caafdbea6b9f","1645959322bded8804","ca30086d-7ad2-47ad-905b-bf5351f5ca9e","4d3224a1-fdfc-4547-8241-a32089041590","15f163a4-d350-44de-8204-7e697633fcaa","16335890543c7ff7c6","eab28900-1353-43bc-a9fe-37e4dfc05041","c932fc6a-0e10-44dc-9340-8c6439301229","16455959428295b327"]}