{"sections":{"main":{"type":"list-collection-template","blocks":{"c6ebff7d-0360-4f38-9f75-d78ed3c4514c":{"type":"custom_collection","settings":{"featured_product_handle":"","collection_img":"default","custom_collection_title":"Collection Title","custom_collection_link":"shopify:\/\/collections\/featured-products","cat_column":"3","cat_column_md":"4","cat_column_xs":"6"}}},"block_order":["c6ebff7d-0360-4f38-9f75-d78ed3c4514c"],"settings":{"collection_handle":"all_collection","section_text_align":"section_text_center","product_column":"3","product_md_column":"4","product_column_xs":"6","products_limit_handle":4,"more_title":"More","product_label":"Products"}}},"order":["main"]}