{"sections":{"main":{"type":"faq-template","blocks":{"8adecf3e-6179-414f-ac08-90a809a11697":{"type":"faq","settings":{"accordion_title":"FAQ Title #1","accordion_content":"<p>1. Anim pariatur cliche reprehenderit, enim eiusmod high life accusamus terry richardson ad squid. 3 wolf moon officia aute, non cupidatat skateboard dolor brunch. Food truck quinoa nesciunt laborum eiusmod. Brunch 3 wolf moon tempor, sunt aliqua put a bird on it squid single-origin coffee nulla assumenda shoreditch et. Nihil anim keffiyeh helvetica, craft beer labore wes anderson cred nesciunt sapiente ea proident. Ad vegan excepteur butcher vice lomo. Leggings occaecat craft beer farm-to-table, raw denim aesthetic synth nesciunt you probably haven't heard of them accusamus labore sustainable VHS.<\/p>"}},"df2045b6-2a57-4cd7-864a-d0e22f4ec397":{"type":"faq","settings":{"accordion_title":"FAQ Title #2","accordion_content":"<p>2. Anim pariatur cliche reprehenderit, enim eiusmod high life accusamus terry richardson ad squid. 3 wolf moon officia aute, non cupidatat skateboard dolor brunch. Food truck quinoa nesciunt laborum eiusmod. Brunch 3 wolf moon tempor, sunt aliqua put a bird on it squid single-origin coffee nulla assumenda shoreditch et. Nihil anim keffiyeh helvetica, craft beer labore wes anderson cred nesciunt sapiente ea proident. Ad vegan excepteur butcher vice lomo. Leggings occaecat craft beer farm-to-table, raw denim aesthetic synth nesciunt you probably haven't heard of them accusamus labore sustainable VHS.<\/p>"}},"f465c3d3-fbac-4729-a9b4-722d3196429d":{"type":"faq","settings":{"accordion_title":"FAQ Title #3","accordion_content":"<p>3. Anim pariatur cliche reprehenderit, enim eiusmod high life accusamus terry richardson ad squid. 3 wolf moon officia aute, non cupidatat skateboard dolor brunch. Food truck quinoa nesciunt laborum eiusmod. Brunch 3 wolf moon tempor, sunt aliqua put a bird on it squid single-origin coffee nulla assumenda shoreditch et. Nihil anim keffiyeh helvetica, craft beer labore wes anderson cred nesciunt sapiente ea proident. Ad vegan excepteur butcher vice lomo. Leggings occaecat craft beer farm-to-table, raw denim aesthetic synth nesciunt you probably haven't heard of them accusamus labore sustainable VHS.<\/p>"}},"fd9f389a-d9c6-41df-8fc6-fbe4d325328b":{"type":"faq","settings":{"accordion_title":"FAQ Title #4","accordion_content":"<p>4. Anim pariatur cliche reprehenderit, enim eiusmod high life accusamus terry richardson ad squid. 3 wolf moon officia aute, non cupidatat skateboard dolor brunch. Food truck quinoa nesciunt laborum eiusmod. Brunch 3 wolf moon tempor, sunt aliqua put a bird on it squid single-origin coffee nulla assumenda shoreditch et. Nihil anim keffiyeh helvetica, craft beer labore wes anderson cred nesciunt sapiente ea proident. Ad vegan excepteur butcher vice lomo. Leggings occaecat craft beer farm-to-table, raw denim aesthetic synth nesciunt you probably haven't heard of them accusamus labore sustainable VHS.<\/p>"}},"76623e10-3194-42bc-857c-f0718e5675db":{"type":"faq","settings":{"accordion_title":"FAQ Title #5","accordion_content":"<p>5. Anim pariatur cliche reprehenderit, enim eiusmod high life accusamus terry richardson ad squid. 3 wolf moon officia aute, non cupidatat skateboard dolor brunch. Food truck quinoa nesciunt laborum eiusmod. Brunch 3 wolf moon tempor, sunt aliqua put a bird on it squid single-origin coffee nulla assumenda shoreditch et. Nihil anim keffiyeh helvetica, craft beer labore wes anderson cred nesciunt sapiente ea proident. Ad vegan excepteur butcher vice lomo. Leggings occaecat craft beer farm-to-table, raw denim aesthetic synth nesciunt you probably haven't heard of them accusamus labore sustainable VHS.<\/p>"}},"9b907940-4831-491d-9cd6-5f74a06dea2b":{"type":"section_padding","settings":{"section_padding_top":100,"section_padding_bottom":100,"section_padding_top_md":80,"section_padding_bottom_md":80,"section_padding_top_xs":60,"section_padding_bottom_xs":60}}},"block_order":["8adecf3e-6179-414f-ac08-90a809a11697","df2045b6-2a57-4cd7-864a-d0e22f4ec397","f465c3d3-fbac-4729-a9b4-722d3196429d","fd9f389a-d9c6-41df-8fc6-fbe4d325328b","76623e10-3194-42bc-857c-f0718e5675db","9b907940-4831-491d-9cd6-5f74a06dea2b"],"settings":{"section_width":"default","section_title_custom_color":true,"section_title":"Frequently Asking <strong>Question<\/strong>","section_title_color":"#333333","section_title_font":"geometric_415_n6","section_title_font_size":"46","section_title_line_height":60,"section_title_font_size_md":"30","section_title_line_height_md":40,"section_title_font_size_sm":"24","section_title_line_height_sm":35,"section_title_margin_bottom":10,"section_sub_title":"We’re constantly refining our product.","section_subtitle_color":"#5a5a5a","section_sub_title_font":"work_sans_n4","section_des_font_size":"18","section_sub_title_line_height":30,"section_des_font_size_md":"16","section_sub_title_line_height_md":28,"section_des_font_size_sm":"16","section_sub_title_line_height_sm":24,"section_sub_title_margin_bottom":10,"title_align":"text-center"}}},"order":["main"]}