{"sections":{"16424002725adda8ce":{"type":"promotion-banner","blocks":{"16424002714d6c0c62-0":{"type":"section_padding","settings":{"section_padding_top":100,"section_padding_bottom":100,"section_padding_top_md":80,"section_padding_bottom_md":80,"section_padding_top_xs":50,"section_padding_bottom_xs":50}},"c086d50e-88d7-4d41-a081-90668f44ab2e":{"type":"promoton-content","settings":{"content_product_column_handle":"5","content_product_column_handle_md":"6","content_custom_color":true,"t1":"Live out your life.","title_1_gradient_style":false,"bottom_title":"geometric_415_n6","bottom_title_font_size":"24","bottom_title_font_line_height":"28","bottom_title_font_size_md":"24","bottom_title_font_line_height_md":"28","bottom_title_font_size_sm":"24","bottom_title_font_line_height_sm":"28","t1_color":"#ff6162","bottom_title_margin":20,"t2":"The happiness ofcrafting nice artworks","top_title":"geometric_415_n6","top_title_font_size":"46","top_title_font_line_height":"60","top_title_font_size_md":"30","top_title_font_line_height_md":"40","top_title_font_size_sm":"24","top_title_font_line_height_sm":"30","t2_color":"#333333","top_title_margin":20,"heading_bottom_border_line":false,"heading_border_bottom_color":"#ff6162","border_top_spacing":20,"des_text":"It’s all about the joy when finally you have done something beautiful on your own and observe it with quite a great deal of proud & successful feeling your own and observe.","des_text_font":"work_sans_n4","des_text_color":"#1f2226","des_text_font_size":"18","des_text_font_line_height":"28","des_text_font_size_md":"16","des_text_font_line_height_md":"26","des_text_font_size_sm":"14","des_text_font_line_height_sm":"24","des_text_font_margin":15,"countdown_date":"","count_border_disable":false,"border_radius_count":10,"btn1":"Learn More","btn1_url":"shopify:\/\/collections\/all","button_title":"work_sans_n5","button_title_font_size":"18","button_title_margin":30,"button_style":"banner_style_2","button_border_radius":36,"button_padding_tb":15,"button_padding_lr":30,"btn1_color":"#1f2226","btn1_hover_color":"#ff6162","btn1_bg_color":"#ffffff","btn1_bg_hover_color":"#000000","btn1_border_color":"#333333","btn1_border_hover_color":"#000000"}},"22fc24ab-501c-4c9a-9b71-d78735a406b6":{"type":"promoton-img","settings":{"promotion_img_enable":true,"img_product_column_handle":"5","img_product_column_handle_md":"6","img1":"shopify:\/\/shop_images\/about__us.jpg","video_btn_enable":false,"video_btn_url":"https:\/\/www.youtube.com\/watch?v=_9VUPq3SxOc"}}},"block_order":["16424002714d6c0c62-0","c086d50e-88d7-4d41-a081-90668f44ab2e","22fc24ab-501c-4c9a-9b71-d78735a406b6"],"custom_css":[".align-items-center {justify-content: center;}",".banner-area .banner-img-2 {text-align: center;}"],"settings":{"section_width":"default","section_title_custom_color":true,"section_title":"","section_title_color":"#1f2226","section_title_font":"poppins_n6","section_title_font_size":"30","section_title_line_height":40,"section_title_font_size_md":"24","section_title_line_height_md":35,"section_title_font_size_sm":"20","section_title_line_height_sm":30,"section_title_margin_bottom":10,"section_sub_title":"","section_subtitle_color":"#5a5a5a","section_sub_title_font":"poppins_n6","section_des_font_size":"14","section_sub_title_line_height":24,"section_des_font_size_md":"14","section_sub_title_line_height_md":24,"section_des_font_size_sm":"14","section_sub_title_line_height_sm":24,"section_sub_title_margin_bottom":10,"title_align":"text-center","content_position":"left-def","content_align":"text-left","section__inner__bg__enable":false,"section__inner__bg__color":"#eeeeee"}},"main":{"type":"about-template","blocks":{"668e5031-1167-45d4-a9a5-6b4f4d84555a":{"type":"section_padding","settings":{"section_padding_top":100,"section_padding_bottom":65,"section_padding_top_md":80,"section_padding_bottom_md":45,"section_padding_top_xs":50,"section_padding_bottom_xs":30}},"70485c63-c752-45dd-8458-10fe7a0f9726":{"type":"content","settings":{"title":"WE START AT 2022","subtitle":"Dsta provide how all this mistaken idea of denouncing pleasure and sing pain was born an will give you a complete account of the system, and expound the actual teachings of the eat explorer."}},"ca4a92b8-fa15-4b10-a0ca-6b754dab2bc4":{"type":"content","settings":{"title":"WIN BEST ONLINE SHOP AT 2022","subtitle":"Dsta provide how all this mistaken idea of denouncing pleasure and sing pain was born an will give you a complete account of the system, and expound the actual teachings of the eat explorer."}}},"block_order":["668e5031-1167-45d4-a9a5-6b4f4d84555a","70485c63-c752-45dd-8458-10fe7a0f9726","ca4a92b8-fa15-4b10-a0ca-6b754dab2bc4"],"disabled":true,"settings":{"show_about_section":true,"page_content":"section","show_image":false,"image_position":"left","show_content":true,"title":"WELCOME TO Dsta","subtitle":"Dsta provide how all this mistaken idea of denouncing pleasure and sing pain was born an will give you a complete account of the system, and expound the actual teachings of the eat explorer.  provide how all this mistaken idea of denouncing pleasure."}},"163359830970e43663":{"type":"testimonial","blocks":{"163359830970e43663-0":{"type":"testimonial","settings":{"commentators_img":"shopify:\/\/shop_images\/testi1.jpg","comments":"Lorem ipsum dolor sit amet, consectetur adipisicing elit, sed do eiusmod tempor incididunt ut labore et dolore magna aliqua. Ut enim ad minim veniam.","commentators":"Hester Perkins"}},"163359830970e43663-1":{"type":"testimonial","settings":{"commentators_img":"shopify:\/\/shop_images\/testi2.jpg","comments":"Lorem ipsum dolor sit amet, consectetur adipisicing elit, sed do eiusmod tempor incididunt ut labore et dolore magna aliqua. Ut enim ad minim veniam.","commentators":"Jeker Perkins"}},"6585961b-9f18-40bb-b104-a00f6746e3bf":{"type":"testimonial","settings":{"commentators_img":"shopify:\/\/shop_images\/testi3.jpg","comments":"Lorem ipsum dolor sit amet, consectetur adipisicing elit, sed do eiusmod tempor incididunt ut labore et dolore magna aliqua. Ut enim ad minim veniam.","commentators":"Bester Perkins"}},"163359830970e43663-2":{"type":"section_padding","settings":{"section_padding_top":100,"section_padding_bottom":120,"section_padding_top_md":80,"section_padding_bottom_md":100,"section_padding_top_xs":50,"section_padding_bottom_xs":70}},"d8d8187d-c3dc-45e9-bfd1-03fee1579040":{"type":"section_background","settings":{"section_bg_image":"shopify:\/\/shop_images\/footer__bac3.jpg","section_bg_color":"#fafafa"}}},"block_order":["163359830970e43663-0","163359830970e43663-1","6585961b-9f18-40bb-b104-a00f6746e3bf","163359830970e43663-2","d8d8187d-c3dc-45e9-bfd1-03fee1579040"],"settings":{"section_width":"box_width","testi_col_content":"12","nav_style":"style_5","shadow_enable":true,"single_testi_bg":"rgba(0,0,0,0)","nav_custom_style":false,"nav_border_radius":30,"controlnav_color":"#1f2226","controlnav_bg_color":"#ffffff","controlnav_border_color":"#e1e2e2","hover_controlnav_color":"#ffffff","hover_controlnav_bg_color":"#ff3535","hover_controlnav_border_color":"#ff3535","dot_style":"dot_bottom","dot_custom_style":true,"dot_color":"#ff6162","dot_active_color":"#ff6162","testi_col":"2","testi_col_md":"2","testi_col_sm":"1","section_title_custom_color":true,"section_title":"What <strong>Client Says <\/strong>","section_title_color":"#333333","section_title_font":"geometric_415_n6","section_title_font_size":"46","section_title_line_height":60,"section_title_font_size_md":"30","section_title_line_height_md":40,"section_title_font_size_sm":"24","section_title_line_height_sm":35,"section_title_margin_bottom":10,"section_sub_title":"Contrary to popular belief, Lorem Ipsum is not simply random.","section_subtitle_color":"#5a5a5a","section_sub_title_font":"work_sans_n4","section_des_font_size":"18","section_sub_title_line_height":30,"section_des_font_size_md":"16","section_sub_title_line_height_md":28,"section_des_font_size_sm":"16","section_sub_title_line_height_sm":24,"section_sub_title_margin_bottom":10,"title_align":"text-center","comment_color":"#222222","commentators_color":"#222222"}},"6095e8de-2221-4fbc-80f3-5146021152f6":{"type":"about-team","blocks":{"template--15513976635437__6095e8de-2221-4fbc-80f3-5146021152f6-team_member-1":{"type":"team_member","settings":{"member_img":"shopify:\/\/shop_images\/team1.jpg","member_name":"Mr. Mike Banding","member_desig":"Manager","show_fb":true,"fb_url":"","show_twitter":true,"twitter_url":"","show_instagram":true,"instagram_url":""}},"template--15513976635437__6095e8de-2221-4fbc-80f3-5146021152f6-team_member-2":{"type":"team_member","settings":{"member_img":"shopify:\/\/shop_images\/team2.jpg","member_name":"Mr. Jins Banding","member_desig":"Ass. Manager","show_fb":true,"fb_url":"","show_twitter":true,"twitter_url":"","show_instagram":true,"instagram_url":""}},"template--15513976635437__6095e8de-2221-4fbc-80f3-5146021152f6-team_member-3":{"type":"team_member","settings":{"member_img":"shopify:\/\/shop_images\/team3.jpg","member_name":"Mr. Nide Konal","member_desig":"Executive","show_fb":true,"fb_url":"","show_twitter":true,"twitter_url":"","show_instagram":true,"instagram_url":""}},"template--15513976635437__6095e8de-2221-4fbc-80f3-5146021152f6-team_member-4":{"type":"team_member","settings":{"member_img":"shopify:\/\/shop_images\/team4.jpg","member_name":"Mr. Kirns Jonde","member_desig":"Executive","show_fb":true,"fb_url":"","show_twitter":true,"twitter_url":"","show_instagram":true,"instagram_url":""}},"d1773ad8-609a-4903-a289-e6b2f658b277":{"type":"team_member","settings":{"member_img":"shopify:\/\/shop_images\/team5.jpg","member_name":"Mr. Oned Miend","member_desig":"Marketer","show_fb":true,"fb_url":"","show_twitter":true,"twitter_url":"","show_instagram":true,"instagram_url":""}},"208cfb9a-609d-491c-b5fc-79aa6007b310":{"type":"section_padding","settings":{"section_padding_top":100,"section_padding_bottom":80,"section_padding_top_md":80,"section_padding_bottom_md":50,"section_padding_top_xs":50,"section_padding_bottom_xs":30}}},"block_order":["template--15513976635437__6095e8de-2221-4fbc-80f3-5146021152f6-team_member-1","template--15513976635437__6095e8de-2221-4fbc-80f3-5146021152f6-team_member-2","template--15513976635437__6095e8de-2221-4fbc-80f3-5146021152f6-team_member-3","template--15513976635437__6095e8de-2221-4fbc-80f3-5146021152f6-team_member-4","d1773ad8-609a-4903-a289-e6b2f658b277","208cfb9a-609d-491c-b5fc-79aa6007b310"],"settings":{"show_team_section":true,"section_width":"default","tab_arsoule_active":true,"tab_arsoule_arrow_enable":true,"product_casoule_row":1,"team__grid__style":"style__two","product_column_handle":"4","product_column_handle_md":"3","product_column_handle_sm":"3","section_title_custom_color":true,"section_title":"Best <strong>Team<\/strong>","section_title_color":"#333333","section_title_font":"geometric_415_n6","section_title_font_size":"46","section_title_line_height":60,"section_title_font_size_md":"30","section_title_line_height_md":40,"section_title_font_size_sm":"24","section_title_line_height_sm":35,"section_title_margin_bottom":10,"section_sub_title":"Contrary to popular belief, Lorem Ipsum is not simply random.","section_subtitle_color":"#5a5a5a","section_sub_title_font":"work_sans_n4","section_des_font_size":"18","section_sub_title_line_height":30,"section_des_font_size_md":"16","section_sub_title_line_height_md":28,"section_des_font_size_sm":"16","section_sub_title_line_height_sm":24,"section_sub_title_margin_bottom":10,"title_align":"text-center","team_name_color":"#1f2226","team_deg_color":"#1f2226"}},"aa84edf8-07e5-497a-813e-c6e5b6b96182":{"type":"instagram-feed","blocks":{"46a47940-64ae-4d68-8ad8-b4fbf93cebb8":{"type":"single__instagram","settings":{"product_column_handle":"3","product_column_handle_md":"4","product_column_handle_sm":"6","img__instagram":"shopify:\/\/shop_images\/wirless_speaker5.jpg","instam_url":"shopify:\/\/collections\/all"}},"721dcef3-b6f5-4bc7-8b8f-3c9c5170e104":{"type":"single__instagram","settings":{"product_column_handle":"3","product_column_handle_md":"4","product_column_handle_sm":"6","img__instagram":"shopify:\/\/shop_images\/tv2.jpg","instam_url":"shopify:\/\/collections\/all"}},"25d0d9bd-fab4-4fd7-b891-98ae51b42ab3":{"type":"single__instagram","settings":{"product_column_handle":"3","product_column_handle_md":"4","product_column_handle_sm":"6","img__instagram":"shopify:\/\/shop_images\/smart_watch7.jpg","instam_url":"shopify:\/\/collections\/all"}},"8d362db5-0ef0-410b-ba4c-031527fd8460":{"type":"single__instagram","settings":{"product_column_handle":"3","product_column_handle_md":"4","product_column_handle_sm":"6","img__instagram":"shopify:\/\/shop_images\/mouse2.jpg","instam_url":"shopify:\/\/collections\/all"}},"1a8ef10a-0278-4df3-af0b-238c97e02b74":{"type":"single__instagram","settings":{"product_column_handle":"3","product_column_handle_md":"4","product_column_handle_sm":"6","img__instagram":"shopify:\/\/shop_images\/mobile4.jpg","instam_url":"shopify:\/\/collections\/all"}},"df739db9-e2c6-49de-824a-388eb1caad1d":{"type":"single__instagram","settings":{"product_column_handle":"3","product_column_handle_md":"4","product_column_handle_sm":"6","img__instagram":"shopify:\/\/shop_images\/laptop2.jpg","instam_url":"shopify:\/\/collections\/all"}},"7a6bb121-c769-40cc-81cc-30f9e7943c87":{"type":"single__instagram","settings":{"product_column_handle":"3","product_column_handle_md":"4","product_column_handle_sm":"6","img__instagram":"shopify:\/\/shop_images\/game-controller4.jpg","instam_url":"shopify:\/\/collections\/all"}},"95e42cc7-3b94-4055-8367-105148a16191":{"type":"single__instagram","settings":{"product_column_handle":"3","product_column_handle_md":"4","product_column_handle_sm":"6","img__instagram":"shopify:\/\/shop_images\/minimal_speaker3.jpg","instam_url":"shopify:\/\/collections\/all"}},"9539aa50-a32b-4433-ae35-045ea8ffe224":{"type":"section_padding","settings":{"section_padding_top":0,"section_padding_bottom":100,"section_padding_top_md":0,"section_padding_bottom_md":80,"section_padding_top_xs":0,"section_padding_bottom_xs":60}}},"block_order":["46a47940-64ae-4d68-8ad8-b4fbf93cebb8","721dcef3-b6f5-4bc7-8b8f-3c9c5170e104","25d0d9bd-fab4-4fd7-b891-98ae51b42ab3","8d362db5-0ef0-410b-ba4c-031527fd8460","1a8ef10a-0278-4df3-af0b-238c97e02b74","df739db9-e2c6-49de-824a-388eb1caad1d","7a6bb121-c769-40cc-81cc-30f9e7943c87","95e42cc7-3b94-4055-8367-105148a16191","9539aa50-a32b-4433-ae35-045ea8ffe224"],"settings":{"section_width":"box_width","section_title_custom_color":true,"section_title":"Instagram <strong>#Dsta<strong><\/strong><\/strong>","section_title_color":"#333333","section_title_font":"geometric_415_n6","section_title_font_size":"46","section_title_line_height":60,"section_title_font_size_md":"30","section_title_line_height_md":35,"section_title_font_size_sm":"24","section_title_line_height_sm":50,"section_title_margin_bottom":10,"section_sub_title":"Contrary to popular belief, Lorem Ipsum is not simply random.","section_subtitle_color":"#5a5a5a","section_sub_title_font":"work_sans_n4","section_des_font_size":"18","section_sub_title_line_height":30,"section_des_font_size_md":"14","section_sub_title_line_height_md":24,"section_des_font_size_sm":"14","section_sub_title_line_height_sm":24,"section_sub_title_margin_bottom":10,"title_align":"text-center","tab_arsoule_active":true,"carsoule_banner_col":6,"carsoule_banner_col_lg":4,"carsoule_banner_col_md":3,"carsoule_banner_col_sm":3,"tab_arsoule_arrow_enable":true,"product_casoule_row":1}}},"order":["16424002725adda8ce","main","163359830970e43663","6095e8de-2221-4fbc-80f3-5146021152f6","aa84edf8-07e5-497a-813e-c6e5b6b96182"]}