{"sections":{"main":{"type":"contact-template","blocks":{"518a477a-2da5-4f90-b1a3-1d41ae16c1cd":{"type":"info","settings":{"info_icon":"location-pin","info_icon_color":"#1f2226","info_title":"Our Location","info_text":"Bandes jonid, Baunid San Francisco- 8954, Canada."}},"73bcf828-ddbc-4160-8902-683aa96f69eb":{"type":"info","settings":{"info_icon":"sli sli-envelope","info_icon_color":"#1f2226","info_title":"Sent Us Email","info_text":"info@example.com"}},"412f1173-cf52-4798-a9f2-b52ca5eb31f6":{"type":"info","settings":{"info_icon":"sli sli-screen-smartphone","info_icon_color":"#1f2226","info_title":"Phone Number","info_text":"+1 35 776 859 000"}}},"block_order":["518a477a-2da5-4f90-b1a3-1d41ae16c1cd","73bcf828-ddbc-4160-8902-683aa96f69eb","412f1173-cf52-4798-a9f2-b52ca5eb31f6"],"settings":{"page_title_enable":true,"page_content_enable":true,"name_placeholder":"Name","email_placeholder":"Email","subject_placeholder":"Subject","message_placeholder":"Your Message","form_button_name":"Send Message"}},"1633605873cf309896":{"type":"contact-map","settings":{"google_map_enable":true,"google_map_api_key":"AIzaSyCBEypW1XtGLWpikFPcityAok8rhJzzWRw","latitude":"47.606205","languid":"-122.332046","map_icon_image":"shopify:\/\/shop_images\/sensor.png"}},"167654790704ae4f09":{"type":"apps","settings":{}}},"order":["main","1633605873cf309896","167654790704ae4f09"]}