{"sections":{"main":{"type":"password","settings":{"heading_enable":true,"comming_soon_title":"We are coming verry soon...","comming_soon_content":"Lorem Ipsum is simply dummy text of the printing and typesetting industry. Lorem Ipsum has been the industry's standard dummy text","countdown_enable":true,"countdown_style_handle":"countdown_style_1","opening_date":"2024-05-01","subscribe_field_enable":true,"subscribe_title":"Subscribe for our next update","email_placeholder_title":"Enter your e-mial","subscribe_button_title":"Subscribe","store_password_enable":true,"password_placeholder_title":"Enter store using password","password_action_field_enable":true,"gradiant_bg_color_1":"#000000","gradiant_bg_color_2":"#c29958","password_overlay_color":"#000000","password_overlay_color_opacity":0.7,"countdown_color":"#c29958"}}},"order":["main"],"layout":"password"}