{"current":{"ft_top_style":"style_3","container_width":"1430","rtl_enable":false,"favicon":"shopify:\/\/shop_images\/favicon.png","language_handle":"shopify_language","predictive_search_show_vendor":true,"predictive_search_show_price":true,"ajax_search_enable":true,"come__back__notification":true,"enable_preloader":true,"preloader_style":"Style_5","preloader_bg":"#ffffff","preloader_color":"#000000","preloader_border_color":"#ffffff","preloader_border_width":5,"color_primary":"#ff6162","body_color":"#333333","body_bg_color":"#ffffff","content_color":"#1f2226","heading_color":"#333333","link_color":"#333333","typography_enable":true,"body_font_handle":"work_sans_n4","header_font_handle":"geometric_415_n7","paragraph_font_handle":"work_sans_n4","font_size_enable":true,"h1_font_size":40,"h2_font_size":32,"h3_font_size":28,"h4_font_size":24,"h5_font_size":20,"h6_font_size":16,"body_font_size":16,"p_font_size":16,"h1_mobile_font_size":34,"h2_mobile_font_size":28,"h3_mobile_font_size":24,"h4_mobile_font_size":20,"h5_mobile_font_size":18,"h6_mobile_font_size":16,"body_mobile_font_size":16,"p_mobile_font_size":16,"topbar_notification_enable":true,"section_width":"default","topbar_notification":"topbar_in_index","content_alignment":"space-between","notification_text":"<p>Winter <a href=\"\/collections\/featured-item\" target=\"_blank\" title=\"Featured Item\">Sale<\/a><\/p>","notification_button_name":"","notification_button_url":"#","topbar__contdown":"10\/10\/2025","top_bar_social":true,"show_fb":true,"fb_url":"","show_twitter":true,"twitter_url":"","show_instagram":true,"instagram_url":"","show_youtube":true,"youtube_url":"","topbar_notification_style_enable":true,"notification_bg_image":"","notification_text_color":"#000000","topbar_color_1":"#ffffff","topbar_color_2":"#f1f1f1","notification_overlay_color":"#000000","notification_overlay_opacity":0,"notificaction_button_bg_color":"#ffffff","notificaction_button_border_color":"#cccccc","notificaction_button_color":"#333333","notificaction_button_hover_bg_color":"#ff6162","notificaction_button_hover_border_color":"#ff6162","notificaction_button_hover_color":"#ffffff","notificaction_close_button_bg_color":"","notificaction_close_button_border_color":"rgba(0,0,0,0)","notificaction_close_button_color":"#000000","notificaction_close_button_hover_bg_color":"rgba(0,0,0,0)","notificaction_close_button_hover_border_color":"rgba(0,0,0,0)","notificaction_close_button_hover_color":"#ff6162","newsletter_system":"by_shopify_form","newsletter_action":"","email_placeholder":"Your email address","button_name":"Subscribe","newsletter_popup_enable":true,"one_day_popup_enable":true,"newsletter_style_handle":"newsletter_style_2","newsletter_bg_img":"shopify:\/\/shop_images\/collage__4.jpg","newletter_popup_title":"Newsletter","newsletter_text":"Join over 1,000 people who get free and fresh content delivered automatically each time we publish","newsletter_button_name":"Subscribe","dont_show_again_enable":true,"dont_show_again_text":"Don't show this again","newsletter_overlay_color":"#ffffff","newsletter_overlay_opacicty":0.1,"popup_newsletter_title_color":"#000000","popup_newsletter_description_color":"#666666","input_field_color":"#ddd","newsletter_button_bg_color":"#000000","newsletter_button_color":"#fff","newsletter_button_hover_bg_color":"#666666","newsletter_button_hover_color":"#fff","dont_show_title_color":"#000000","close_icon_color":"#999999","breadcrumb_banner_enable":true,"breadcrumb_banner_image":"shopify:\/\/shop_images\/slider__bg3.png","breadcrumb_banner_bg":"#fcf2f2","breadcrumb_banner_overlay_color":"#000000","breadcrumb_banner_opacity":0,"breadcurmb_page_title_color":"#1f2226","active_breadcurmb_page_title_color":"#1f2226","breadcrumb_padding_top":50,"breadcrumb_padding_bottom":50,"breadcrumb_padding_top_xs":30,"breadcrumb_padding_bottom_xs":30,"p_grid":"grid_2","product_action_pos":"center","p_count_style":"style_2","p_count_pos":"bottom","gird_name_font_size":"20","p_content_alignment":"left","p_list":"list_2","product_color_enable":true,"product_size_enable":true,"show_product_badge":true,"sale_percent_enable":true,"sale_title":"Sale","soldout_title":"Soldout","new_title":"New","badge_color":"#ffffff","badge_bg_color":"#ff6162","new_badge_bg_color":"#163473","badge_fsize":10,"badge_bradius":30,"cart_button_title":"Add to cart","affiliate_cart_button_title":"<i class=\"fab fa-amazon\"><\/i> Buy from amazon","soldout_button_title":"Soldout","product_cart_type":"ajax_cart_drawer","successfull_note":"Added to cart successfully!","view_cart_button2":"View Cart","checkout_button2":"Checkout","show_product_wishlist":true,"wishlist_t":"Add to wishlist","product_quickview_enalbe":true,"qcv_title":"Quick View","quickview_product_variant_enable":true,"qcv_add_to_cart_text":"Add to cart","qcv_cart_wait_text":"Wait..","qcv_cart_added_text":"Added","qcv_cart_error_text":"Limit Products","show_product_type":false,"compare_product_enalbe":true,"compare_popup_title":"Compare Product","compare_button_title":"<i class=\"sli sli-refresh\"><\/i>","product_countdown":"[countdown]YYYY\/MM\/DD[\/countdown]","product_affiliate":"[affiliate_link]Here add your affiliate link[\/affiliate_link]","product_new_badge":"[new_products]Here add your product New Badge day limit[\/new_products]","section_full_width":false,"social_icon_1_name":"facebook","social_icon_1_link":"","social_icon_2_name":"twitter","social_icon_2_link":"","social_icon_3_name":"dribbble","social_icon_3_link":"","social_icon_4_name":"pinterest","social_icon_4_link":"","social_icon_5_name":"","social_icon_5_link":"","social_icon_6_name":"","social_icon_6_link":"","social_icon_7_name":"","social_icon_7_link":"","wishlist_enable":true,"add_wishlit_title":"Add to wishlist","loading_wishlist":"Loading..","remove_wishlit_title":"Remove From wishlist","go_to_wishlit_title":"Go to wishlist","wishlist_empty_title":"Your wishlist is currently empty!","continue_browsing":"Continue Shopping","login_request_title":"Please login your account","wish_login_btn":"Login","opps_404":"shopify:\/\/shop_images\/error.png","heading_404":"Ooops! Error 404","sub_text_404":"Sorry, But the page you are looking for doesn't exist!","button_title":"Go to home page","button_url":"\/","login_sub_text":"Please login using account detail bellow.","register_sub_text":"Please Register using account detail bellow.","customer_logout_title":"Logout","custom_page_padding_top":100,"custom_page_padding_bottom":80,"custom_page_padding_top_xs":80,"custom_page_padding_bottom_xs":60,"customer_page_padding_top":100,"customer_page_padding_bottom":100,"customer_page_padding_top_xs":80,"customer_page_padding_bottom_xs":80,"heading_enable":true,"password_logo":"","comming_soon_title":"We are coming very soon...","comming_soon_content":"Lorem Ipsum is simply dummy text of the printing and typesetting industry. Lorem Ipsum has been the industry's standard dummy text","countdown_enable":true,"countdown_style_handle":"countdown_style_1","opening_date":"2019-05-01","subscribe_field_enable":true,"subscribe_title":"Subscribe for our next update","email_placeholder_title":"Enter your e-mial","subscribe_button_title":"Subscribe","store_password_enable":false,"password_placeholder_title":"Enter store using password","password_action_field_enable":true,"full_page_bg_image":"","gradiant_bg_color_1":"#0072b0","gradiant_bg_color_2":"#70b100","password_overlay_color":"#000000","password_overlay_color_opacity":0.5,"countdown_color":"#ffffff","checkout_header_image":"","checkout_logo_image":"shopify:\/\/shop_images\/logo_125x_78da9384-4af0-42b7-ae90-8987b3e480da.png","checkout_logo_position":"left","checkout_logo_size":"medium","checkout_body_background_image":"","checkout_body_background_color":"#fff","checkout_input_background_color_mode":"white","checkout_sidebar_background_image":"","checkout_sidebar_background_color":"#fafafa","checkout_heading_font":"-apple-system, BlinkMacSystemFont, 'Segoe UI', Roboto, Helvetica, Arial, sans-serif, 'Apple Color Emoji', 'Segoe UI Emoji', 'Segoe UI Symbol'","checkout_body_font":"-apple-system, BlinkMacSystemFont, 'Segoe UI', Roboto, Helvetica, Arial, sans-serif, 'Apple Color Emoji', 'Segoe UI Emoji', 'Segoe UI Symbol'","checkout_accent_color":"#ff5151","checkout_button_color":"#ff5151","checkout_error_color":"#ff5151","custom_css":"","custom_script":"","show_product_review":true,"review_handle":"shopify_review","enable_bar_width":false,"box_layout_enable":false,"product_action_style":"left","wait_title":"Wait..","added_title":"Added","unavailable_title":"Uavailable","product_short_description":"[short_description] Your content or text here [\/short_description]","product_description":"[product_description] Your content or text here [\/product_description]","breadcurmb_title_color":"#666666","currency_enable":true,"supported_currencies":"USD, USD - US Dollar | EUR, EUR - Euro | GBP, GBP - British Pound | INR, INR - Indian Rupee | BDT, BDT - Bangladesh Taka | JPY, JPY - Japan Yen | CAD, CAD - Canada Dollar | AUD, AUD - Australian Dollar","input_fild_color":"#999999","footer_script":"","google_analytic_enable":false,"google_tracking_id":"UA-91020528-1","recent_post_title":"Recent Post","recent_post_limit_handle":"3","archive_title":"Archive","blog_tags_title":"Tags","blog_tags_list_limit_handle":"15","categories_title":"Categories","categories_list_limit_hanlde":"5","vendors_title":"Vendors","vendors_list_limit_hanlde":"5","types_title":"Products Types","types_list_limit_hanlde":"5","color_title":"Color","color_picker":"red, green, blue, yellow, white, gold, gray, magenta, maroon, navy, purple, violet, black, pink, orange, silver,","colors_list_limit_hanlde":"10","size_title":"Size","size_picker":"s, m, l, xl, xxl,","size_list_limit_hanlde":"5","tags_title":"Tags","tags_list_limit_hanlde":"15","sinpets_call":"search-bar","custom_page_margin_top":"100","custom_page_margin_bottom":"100","section_margin_top_xs":"70","section_margin_bottom_xs":"70","h_social_icon_1_name":"twitter","h_social_icon_2_name":"instagram","h_social_icon_3_name":"google-plus","h_social_icon_4_name":"linkedin","h_social_icon_5_name":"pinterest","h_social_icon_6_name":"","h_social_icon_7_name":"","notification_overlay_rgb_colo":"#000000","notification_overlay_rgb_color":"0, 0, 0","product_quickview_description_enable":true,"paragraph_font":"raleway_n4","body_font":"alfie_n4","type_header_font":"abril_fatface_n4","heading_font":"alfie_n4","breadcrumb_banner_image_enable":false,"newsletter_img":"","cart_notes_enable":true,"cart_vendor_enable":false,"ajax_cart_method":"drawer","logo_use_image":false,"logo_max_width":"450","favicon_enable":false,"show_multiple_currencies":true,"currency_format":"money_with_currency_format","default_currency":"USD","color_body_bg":"#fff","color_body_text":"#333333","color_borders":"#e5e5e5","color_footer_bg":"#f2f2f2","color_footer_social_link":"#bbbbbb","color_footer_text":"#636363","color_secondary":"#bbb","footer_newsletter_enable":true,"footer_social_enable":true,"social_facebook_link":"","social_twitter_link":"","sections":{"header":{"type":"header","settings":{"section_width":"default","header_style":"style_1","enable_hea_transprant":"transparent_disable","main_user_menu_handle":"main-menu","sticky__bar":true,"enable_header_custom_style":true,"main_header_font":"work_sans_n5","main_header_font_size":"18","header_font_drop_mega":"work_sans_n4","drop_header_font_size":"16","bg_color":"#ffffff","bg_color_stick":"#ffffff","menu_color":"#333333","menu_hover__color":"#ff6162","menu_hover_angle_color":"#ffffff","logo":"shopify:\/\/shop_images\/logo.png","logo_width":125,"ratina_logo_enable":false,"logo_position":"text-right","menu_position":"menu-center","megamenu_width":"1000","megamenu_width_md":"900","megamenu_left_space":"-300","megamenu_left_space_md":"-350","enable_clickable_logo":true,"enable_click_social":true,"show_search":true,"header_search_icon":"<svg id=\"Icon\" enable-background=\"new 0 0 96 96\" viewbox=\"0 0 96 96\" xmlns=\"http:\/\/www.w3.org\/2000\/svg\"><path id=\"Search\" d=\"m49.557 18.444c.781.781.781 2.047 0 2.828-.391.391-.902.586-1.414.586s-1.023-.195-1.414-.586c-7.02-7.019-18.438-7.019-25.457 0-.781.781-2.047.781-2.828 0s-.781-2.047 0-2.828c8.577-8.578 22.535-8.578 31.113 0zm40.443 63.556c0 2.137-.832 4.146-2.344 5.656-1.51 1.512-3.519 2.344-5.656 2.344s-4.146-.832-5.656-2.344l-21-21c-.781-.781-.781-2.047 0-2.828l2.828-2.828-4.435-4.435c-5.28 4.623-12.184 7.435-19.737 7.435-16.542 0-30-13.458-30-30s13.458-30 30-30 30 13.458 30 30c0 7.553-2.812 14.457-7.435 19.737l4.435 4.435 2.828-2.828c.781-.781 2.047-.781 2.828 0l21 21c1.512 1.51 2.344 3.519 2.344 5.656zm-30-48c0-14.336-11.663-26-26-26s-26 11.664-26 26 11.663 26 26 26 26-11.664 26-26zm26 48c0-1.068-.416-2.072-1.172-2.828l-19.586-19.586-5.656 5.656 19.586 19.586c1.512 1.512 4.145 1.512 5.656 0 .756-.756 1.172-1.76 1.172-2.828z\"><\/path><\/svg>","currency_enable":true,"curr_t":"Currency","supported_currencies":"USD, USD - US Dollar | EUR, EUR - Euro | GBP, GBP - British Pound","show_user_menu":true,"user_menu_icon":"<svg viewbox=\"0 0 511 512\" xmlns=\"http:\/\/www.w3.org\/2000\/svg\"><path d=\"m262.5 472h-201.308594c-8.539062 0-13.6875-4.765625-16-7.605469-3.988281-4.90625-5.53125-11.289062-4.234375-17.519531 20.769531-99.765625 108.8125-172.617188 210.453125-174.980469 1.6875.0625 3.382813.105469 5.089844.105469 74.988281 0 136-61.007812 136-136s-61.011719-136-136-136c-74.992188 0-136 61.007812-136 136 0 44.507812 21.492188 84.09375 54.644531 108.917969-30.371093 9.996093-58.875 25.546875-83.816406 46.0625-45.730469 37.617187-77.527344 90.085937-89.53125 147.742187-3.761719 18.066406.746094 36.621094 12.363281 50.910156 11.558594 14.214844 28.703125 22.367188 47.03125 22.367188h201.308594c11.042969 0 20-8.953125 20-20s-8.957031-20-20-20zm-102-336c0-52.933594 43.0625-96 96-96 52.933594 0 96 43.066406 96 96 0 52.175781-41.839844 94.761719-93.730469 95.972656-.746093-.085937-1.5-.140625-2.269531-.140625-1.5625 0-3.121094.023438-4.679688.050781-50.769531-2.445312-91.320312-44.515624-91.320312-95.882812zm352 275.980469c0 11.046875-8.957031 20-20 20h-150c-11.046875 0-20-8.953125-20-20 0-11.042969 8.953125-20 20-20h150c11.042969 0 20 8.957031 20 20zm-170-99.980469h150c11.042969 0 20 8.953125 20 20s-8.957031 20-20 20h-150c-11.046875 0-20-8.953125-20-20s8.953125-20 20-20zm170 180c0 11.046875-8.957031 20-20 20h-150c-11.046875 0-20-8.953125-20-20s8.953125-20 20-20h150c11.042969 0 20 8.953125 20 20zm0 0\"><\/path><\/svg>","account_menu_t":"Account","user_menu_handle":"","login_title":"Login","logout_title":"Log out","register_title":"Create Account","header_cart_icon":"<svg viewbox=\"0 0 32 32\" xmlns=\"http:\/\/www.w3.org\/2000\/svg\"><g id=\"Layer_2\" data-name=\"Layer 2\"><path d=\"m16 17.82a6 6 0 0 1 -5.89-4.82 1 1 0 0 1 1-1.15 1 1 0 0 1 1 .83 4 4 0 0 0 7.83 0 1 1 0 0 1 1-.83 1 1 0 0 1 1 1.15 6 6 0 0 1 -5.94 4.82z\"><\/path><path d=\"m24.9 31h-17.8a3 3 0 0 1 -3-3.15l.81-17.24a3 3 0 0 1 3-2.87h16.18a3 3 0 0 1 3 2.87l.81 17.24a3 3 0 0 1 -3 3.15zm-16.99-21.25a1 1 0 0 0 -1 1l-.81 17.2a1 1 0 0 0 1 1.05h17.8a1 1 0 0 0 1-1.05l-.81-17.24a1 1 0 0 0 -1-1z\"><\/path><path d=\"m22 8.75h-2v-1.75a4 4 0 0 0 -8 0v1.75h-2v-1.75a6 6 0 0 1 12 0z\"><\/path><\/g><\/svg>","cart_t":"Shoping Cart","total_t":"Total:","view_cart_title":"View Cart","checkout_title":"Checkout","empty_cart_title":"Your cart is empty now.","show_header_contact":true,"header_contact_icon":"<svg id=\"Capa_1\" enable-background=\"new 0 0 512 512\" viewbox=\"0 0 512 512\" xmlns=\"http:\/\/www.w3.org\/2000\/svg\"><g><path d=\"m512 304.097c0-36.963-28.145-67.473-64.129-71.235v-24.959c0-35.833-9.872-70.552-28.594-100.809 6.104-8.347 6.168-20.078-.574-28.554-39.734-49.914-99.037-78.54-162.703-78.54s-122.969 28.626-162.705 78.542c-6.74 8.474-6.676 20.204-.571 28.552-18.72 30.256-28.595 64.988-28.595 100.809v24.959c-35.984 3.762-64.129 34.272-64.129 71.235 0 37.247 28.582 67.933 64.963 71.308 3.259 13.948 15.788 24.37 30.715 24.37 17.396 0 31.548-14.152 31.548-31.548v-128.259c0-17.396-14.152-31.548-31.548-31.548-6.065 0-11.734 1.725-16.548 4.703v-5.22c0-32.722 8.932-64.454 25.88-92.157 8.922 2.635 18.967-.182 25.114-7.894 4.15-5.213 8.646-10.207 13.365-14.844 2.955-2.903 2.997-7.651.093-10.606-2.902-2.954-7.651-2.996-10.606-.093-5.152 5.062-10.06 10.513-14.585 16.197-2.934 3.681-8.316 4.292-11.994 1.367-3.681-2.93-4.292-8.31-1.363-11.991 36.871-46.318 91.896-72.882 150.966-72.882s114.095 26.564 150.965 72.88c2.93 3.683 2.319 9.063-1.36 11.992-1.526 1.214-3.36 1.856-5.303 1.856-2.623 0-5.061-1.173-6.689-3.218-33.613-42.227-83.771-66.446-137.613-66.446-33.667 0-66.338 9.507-94.479 27.493-3.49 2.23-4.511 6.868-2.28 10.358 2.23 3.49 6.867 4.512 10.358 2.28 25.724-16.44 55.601-25.131 86.401-25.131 49.246 0 95.126 22.156 125.878 60.788 4.491 5.641 11.206 8.876 18.424 8.876 2.268 0 4.514-.353 6.673-.994 16.956 27.708 25.896 59.43 25.896 92.169v5.22c-4.814-2.979-10.483-4.703-16.548-4.703-17.396 0-31.548 14.152-31.548 31.548v128.258c0 17.396 14.152 31.548 31.548 31.548 5.771 0 11.181-1.565 15.84-4.282-5.538 43.621-42.884 77.459-87.985 77.459h-49.521c-3.375-13.786-15.829-24.048-30.64-24.048h-16.032c-17.396 0-31.548 14.152-31.548 31.548s14.151 31.549 31.547 31.549h16.032c14.812 0 27.265-10.262 30.64-24.048h49.521c57.177 0 103.694-46.517 103.694-103.693v-8.927c35.984-3.762 64.129-34.272 64.129-71.235zm-497 0c0-28.681 21.438-52.434 49.129-56.117v112.234c-27.691-3.683-49.129-27.436-49.129-56.117zm80.677-80.678c9.125 0 16.548 7.423 16.548 16.548v128.258c0 9.125-7.423 16.548-16.548 16.548s-16.548-7.423-16.548-16.548v-128.257c0-9.125 7.423-16.549 16.548-16.549zm168.339 273.581h-16.032c-9.125 0-16.548-7.423-16.548-16.548s7.423-16.548 16.548-16.548h16.032c9.125 0 16.548 7.423 16.548 16.548s-7.423 16.548-16.548 16.548zm183.855-136.786v-72.149c0-4.142-3.358-7.5-7.5-7.5s-7.5 3.358-7.5 7.5v80.162c0 9.125-7.423 16.548-16.548 16.548s-16.548-7.423-16.548-16.548v-128.259c0-9.125 7.423-16.548 16.548-16.548s16.548 7.423 16.548 16.548v16.032c0 4.142 3.358 7.5 7.5 7.5s7.5-3.358 7.5-7.5v-8.02c27.691 3.682 49.129 27.436 49.129 56.117s-21.438 52.434-49.129 56.117z\"><\/path><\/g><\/svg>","header_contact_title":"(+01)-800-3456"}},"collection-template":{"type":"collection-template","blocks":{"1539425617356":{"type":"search","settings":{"widget_title":"Search"}},"1538823147918":{"type":"menu","settings":{"widget_title":"Custom Menu","menu_handle":"footer"}},"1538820479755":{"type":"category","settings":{"widget_title":"Categories","categories_list_limit_hanlde":5}},"1575544855966":{"type":"recent-view","settings":{"recent_view_title":"Recently Viewed","product_limit":3,"product_memory_limit":10}},"1538820489523":{"type":"vendor","settings":{"widget_title":"Vendors","vendors_list_limit_hanlde":5}},"1538820495883":{"type":"color","settings":{"widget_title":"Color","color_picker":"red, green, blue, yellow, white, gold, gray, magenta, maroon, navy, purple, violet, black, pink, orange, silver","colors_list_limit_hanlde":5}},"1538820499075":{"type":"size","settings":{"widget_title":"Size","size_picker":"s, m, l, xl, xxl","size_list_limit_hanlde":5}},"1538821061710":{"type":"tag","settings":{"widget_title":"Tags","tags_list_limit_hanlde":10}}},"block_order":["1539425617356","1538823147918","1538820479755","1575544855966","1538820489523","1538820495883","1538820499075","1538821061710"],"settings":{"full_width":"def","products_limit_handle":12,"product_column":"4","product_column_lg":"4","product_column_md":"6","product_column_sm":"6","product_column_xs":"6","tab_bar_enable":true,"grid_list_pos":"right_pos","showing_product_counter_enable":true,"showing_title_handle":"Showing | of | result","short_by_enable":true,"show_ajax_paginate":true,"sidebar_handle":"left_sidebar_handle","pagination_custom_style":false,"pagination_color":"#54f307","pagination_bg_color":"#07f2f2","pagination_hover_color":"#47ff35","pagination_bg_hover_color":"#0c52f5","pagination_active_color":"#f3e40d","pagination_active_bg_color":"#5c12ca","pagination_border_radius":50}},"collection-list-template":{"type":"collection-list-template","blocks":{"1539494718664":{"type":"search","settings":{"widget_title":"Search"}},"1538823713794":{"type":"menu","settings":{"widget_title":"Custom Menu","menu_handle":""}},"1538823722059":{"type":"category","settings":{"widget_title":"Categories","categories_list_limit_hanlde":5}},"1538823724130":{"type":"vendor","settings":{"widget_title":"Vendors","vendors_list_limit_hanlde":5}},"1538823726274":{"type":"type","settings":{"widget_title":"Products Types","types_list_limit_hanlde":5}},"1538823728120":{"type":"color","settings":{"widget_title":"Color","color_picker":"red, green, blue, yellow, white, gold, gray, magenta, maroon, navy, purple, violet, black, pink, orange, silver","colors_list_limit_hanlde":5}},"1538823730168":{"type":"size","settings":{"widget_title":"Size","size_picker":"s, m, l, xl, xxl","size_list_limit_hanlde":5}},"1538823731784":{"type":"tag","settings":{"widget_title":"Tags","tags_list_limit_hanlde":15}},"1576299837805":{"type":"recent-view","settings":{"recent_view_title":"Recently Viewed","product_limit":3,"product_memory_limit":10}}},"block_order":["1539494718664","1538823713794","1538823722059","1538823724130","1538823726274","1538823728120","1538823730168","1538823731784","1576299837805"],"settings":{"full_width":"def","products_limit_handle":12,"tab_bar_enable":true,"grid_list_pos":"right_pos","showing_product_counter_enable":true,"showing_title_handle":"Showing | of | result","short_by_enable":true,"sidebar_handle":"left_sidebar_handle","pagination_custom_style":false,"pagination_color":"#3e43e6","pagination_bg_color":"#12f5f5","pagination_hover_color":"#ccd617","pagination_bg_hover_color":"#cf09f7","pagination_active_color":"#34c5e8","pagination_active_bg_color":"#ff0000","pagination_border_radius":22}},"related-product":{"type":"related-product","blocks":{"b2ea6535-53f1-4337-8c37-7748d2004b91":{"type":"section_margin","settings":{"section_margin_top":0,"section_margin_bottom":0,"section_margin_top_md":0,"section_margin_bottom_md":0,"section_margin_top_xs":0,"section_margin_bottom_xs":0}},"ab2223c2-4f74-426e-9aad-3981ace2e6b6":{"type":"section_padding","settings":{"section_padding_top":0,"section_padding_bottom":0,"section_padding_top_md":0,"section_padding_bottom_md":0,"section_padding_top_xs":0,"section_padding_bottom_xs":0}}},"block_order":["b2ea6535-53f1-4337-8c37-7748d2004b91","ab2223c2-4f74-426e-9aad-3981ace2e6b6"],"settings":{"section_title_custom_color":false,"section_title":"Related <span>Products<\/span>","section_title_color":"#1f2226","section_title_font_size":"30","section_sub_title":"Contrary to popular belief, Lorem Ipsum is not simply random text. It has roots in a piece of classical","section_subtitle_color":"#5a5a5a","section_des_font_size":"14","title_align":"text-center","tab_arsoule_active":true,"tab_arsoule_arrow_enable":true,"related_product_limit_handle":20,"product_casoule_row":1,"product_column_handle":"4","product_column_handle_md":"4","product_column_handle_sm":"3","product_column_handle_sm_2":"2","product_column_handle_xs":"2"}},"blog-template":{"type":"blog-template","blocks":{"1539506280443":{"type":"search","settings":{"widget_title":"Search"}},"1538884854605":{"type":"menu","settings":{"menu_title":"Custom Menu","menu_handle":"main-menu"}},"1538884863764":{"type":"recent_post","settings":{"recent_post_title":"Recent Post","recent_post_limit_handle":3}},"1538884866837":{"type":"archive","settings":{"archive_title":"Archive"}},"1538884868758":{"type":"tag","settings":{"blog_tags_title":"Tags","blog_tags_list_limit_handle":10}}},"block_order":["1539506280443","1538884854605","1538884863764","1538884866837","1538884868758"],"settings":{"bgrid":"grid_1","blog_limit_handle":8,"product_column_handle":"6","product_column_handle_md":"4","product_column_handle_sm":"6","sidebar_handle":"left_sidebar_handle","blog_image_enable":true,"blog_title_enable":true,"blog_comments_enable":true,"blog_date_enable":true,"blog_text_enable":true,"blog_button_enable":true,"button_title":"Read More","pagination_custom_style":false,"pagination_color":"#f51212","pagination_bg_color":"#13f3f3","pagination_hover_color":"#133bee","pagination_bg_hover_color":"#5fff35","pagination_active_color":"#123133","pagination_active_bg_color":"#ffe400","pagination_border_radius":30}},"article-template":{"type":"article-template","blocks":{"1539506793741":{"type":"search","settings":{"widget_title":"Search"}},"1538884564328":{"type":"menu","settings":{"menu_title":"Custom Menu","menu_handle":"information"}},"1538884359122":{"type":"recent_post","settings":{"recent_post_title":"Recent Post","recent_post_limit_handle":3}},"1538884372007":{"type":"archive","settings":{"archive_title":"Archive"}},"1538884380281":{"type":"tag","settings":{"blog_tags_title":"Tags","blog_tags_list_limit_handle":10}}},"block_order":["1539506793741","1538884564328","1538884359122","1538884372007","1538884380281"],"settings":{"blog_image_enable":true,"blog_meta_enable":true,"blog_content_enable":true,"blog_share_enable":true,"blog_next_prev_enable":true,"sidebar_handle":"left_sidebar_handle","social_share_title":"Share :","commentator_image":"","comment_post_limit_handle":5}},"cart-template":{"type":"cart-template","settings":{"table_image_title":"Image","table_product_title":"Product","table_price_title":"Price","table_quantity_title":"Quantity","table_total_title":"Total","table_reomove_title":"Remove","update_button_title":"Update Cart","continue_shopping_title":"Continue Shopping","clear_cart_title":"Clear Cart","shipping_calculator_heading":"Estimate Shipping And Tax","shipping_calculator_button_title":"Calculate shipping","cart_note_title":"Cart Note","cart_total_heading_title":"Cart Totals","checkout_button_title":"Proceed to Checkout","shopping_cart_title":"Shopping Cart","cart_empty_title":"Your cart is currently empty!","cart_continue_title":"Continue shopping","here_title":"here"}},"list-collection-template":{"type":"list-collection-template","blocks":{"16af0ff9-1c74-4a4b-b883-68343dd343f8":{"type":"custom_collection","settings":{"featured_product_handle":"","collection_img":"custom","custom_collection_title":"Collection Title","custom_collection_link":"\/","cat_column":"4","cat_column_md":"4","cat_column_xs":"6"}},"7afe5f6c-6e74-4b2e-8a79-8018ea731fe1":{"type":"custom_collection","settings":{"featured_product_handle":"","collection_img":"default","custom_collection_title":"Collection Title","custom_collection_link":"\/","cat_column":"4","cat_column_md":"4","cat_column_xs":"6"}},"80a9de86-35bd-4503-be30-7c8c6d6ad4ed":{"type":"custom_collection","settings":{"featured_product_handle":"","collection_img":"default","custom_collection_title":"Collection Title","custom_collection_link":"\/","cat_column":"4","cat_column_md":"4","cat_column_xs":"6"}},"61f4ea4b-0dae-4263-9613-ce534f40442e":{"type":"custom_collection","settings":{"featured_product_handle":"","collection_img":"default","custom_collection_title":"Collection Title","custom_collection_link":"\/","cat_column":"3","cat_column_md":"4","cat_column_xs":"6"}},"4fb83c37-9f5d-49f4-b880-e227bf40f12a":{"type":"custom_collection","settings":{"featured_product_handle":"","collection_img":"default","custom_collection_title":"Collection Title","custom_collection_link":"\/","cat_column":"3","cat_column_md":"4","cat_column_xs":"6"}},"0bf12193-22db-490e-8608-be05d08ad803":{"type":"custom_collection","settings":{"featured_product_handle":"","collection_img":"default","custom_collection_title":"Collection Title","custom_collection_link":"\/","cat_column":"3","cat_column_md":"4","cat_column_xs":"6"}}},"block_order":["16af0ff9-1c74-4a4b-b883-68343dd343f8","7afe5f6c-6e74-4b2e-8a79-8018ea731fe1","80a9de86-35bd-4503-be30-7c8c6d6ad4ed","61f4ea4b-0dae-4263-9613-ce534f40442e","4fb83c37-9f5d-49f4-b880-e227bf40f12a","0bf12193-22db-490e-8608-be05d08ad803"],"settings":{"collection_handle":"all_collection","section_text_align":"section_text_center","product_column":"3","product_md_column":"4","product_column_xs":"6","products_limit_handle":12,"more_title":"More","product_label":"Products"}},"about-template":{"type":"about-template","blocks":{"1559543641364":{"type":"content","settings":{"title":"WE START AT 2022","subtitle":"Parlo provide how all this mistaken idea of denouncing pleasure and sing pain was born an will give you a complete account of the system, and expound the actual teachings of the eat explorer."}},"1559543644460":{"type":"content","settings":{"title":"WIN BEST ONLINE SHOP AT 2022","subtitle":"Parlo provide how all this mistaken idea of denouncing pleasure and sing pain was born an will give you a complete account of the system, and expound the actual teachings of the eat explorer."}},"1559552588946":{"type":"section_padding","settings":{"section_padding_top":80,"section_padding_bottom":80,"section_padding_top_md":70,"section_padding_bottom_md":70,"section_padding_top_xs":40,"section_padding_bottom_xs":40}}},"block_order":["1559543641364","1559543644460","1559552588946"],"settings":{"show_about_section":true,"page_content":"section","show_image":true,"about_img":"shopify:\/\/shop_images\/side-products-1.png","image_position":"left","show_content":true,"title":"WELCOME TO <span>Furtop<\/span>","subtitle":"Parlo provide how all this mistaken idea of denouncing pleasure and sing pain was born an will give you a complete account of the system, and expound the actual teachings of the eat explorer."}},"product-sidebar":{"type":"product-sidebar","blocks":{"1549529296594":{"type":"search","settings":{"widget_title":"Search"}},"1549529680079":{"type":"menu","settings":{"widget_title":"Custom Menu","menu_handle":"main-menu"}},"1549529305374":{"type":"category","settings":{"widget_title":"Categories","categories_list_limit_hanlde":5}},"1549529315645":{"type":"vendor","settings":{"widget_title":"Vendors","vendors_list_limit_hanlde":5}},"1549529596601":{"type":"type","settings":{"widget_title":"Products Types","types_list_limit_hanlde":5}},"1549529677918":{"type":"tag","settings":{"widget_title":"Tags","tags_list_limit_hanlde":15}},"1549529682447":{"type":"banner","settings":{"widget_title":"Banner"}},"1575546503004":{"type":"recent-view","settings":{"recent_view_title":"Recent View","product_limit":3,"product_memory_limit":10}}},"block_order":["1549529296594","1549529680079","1549529305374","1549529315645","1549529596601","1549529677918","1549529682447","1575546503004"],"settings":{"sidebar_handle":"without_sidebar"}},"custom-collection":{"type":"custom-collection","blocks":{"359213dd-ef21-487d-aedd-9ec615415eb4":{"type":"section_margin","settings":{"section_margin_top":0,"section_margin_bottom":0,"section_margin_top_md":0,"section_margin_bottom_md":0,"section_margin_top_xs":0,"section_margin_bottom_xs":0}},"c77a348d-a76d-4dc5-9ce3-7d0d786f9626":{"type":"section_padding","settings":{"section_padding_top":50,"section_padding_bottom":0,"section_padding_top_md":40,"section_padding_bottom_md":0,"section_padding_top_xs":25,"section_padding_bottom_xs":0}}},"block_order":["359213dd-ef21-487d-aedd-9ec615415eb4","c77a348d-a76d-4dc5-9ce3-7d0d786f9626"],"settings":{"section_title_custom_color":false,"section_title":"You may <span> also<\/span> like","section_title_color":"#1f2226","section_title_font_size":"30","section_sub_title":"Contrary to popular belief, Lorem Ipsum is not simply random text. It has roots in a piece of classical","section_subtitle_color":"#5a5a5a","section_des_font_size":"14","title_align":"text-center","tab_arsoule_active":true,"tab_arsoule_arrow_enable":true,"featured_product_handle":"accessories","featured_product_limit_handle":10,"product_casoule_row":1,"product_column_handle":"4","product_column_handle_md":"4","product_column_handle_sm":"3","product_column_handle_sm_2":"2","product_column_handle_xs":"2"}},"breadcrumb":{"type":"breadcrumb","blocks":{"1549884861145":{"type":"product_pages","settings":{}},"1549885007755":{"type":"collection_pages","disabled":true,"settings":{"collection_image_enable":true}},"1549885942164":{"type":"collection_list","settings":{}},"1549886005396":{"type":"blogs","settings":{}},"1549886041092":{"type":"blog_posts","settings":{}},"1549886077412":{"type":"cart","settings":{}},"1549944083915":{"type":"template_404","settings":{}},"1549886107565":{"type":"page_about","settings":{}},"1549886146209":{"type":"page_contact","settings":{}},"1550989632151":{"type":"page_faq","settings":{}},"1549943902245":{"type":"page_wishlist","settings":{}}},"block_order":["1549884861145","1549885007755","1549885942164","1549886005396","1549886041092","1549886077412","1549944083915","1549886107565","1549886146209","1550989632151","1549943902245"],"settings":{}},"custom-content":{"type":"custom-content","settings":{"section_title":"title for about","section_title_color":"#1f2226","section_sub_title":"Contrary to popular belief, Lorem Ipsum is not simply random text. It has roots in a piece of classical","section_subtitle_color":"#5a5a5a"}},"contact-template":{"type":"contact-template","blocks":{"1556421728208":{"type":"info","settings":{"info_icon":"location-pin","info_icon_color":"#333333","info_text":"Address goes here, street, Crossroad 123."}},"1556421732440":{"type":"info","settings":{"info_icon":"envelope","info_icon_color":"#333333","info_text":"info@example.com \/  info@example.com"}},"1556421788568":{"type":"info","settings":{"info_icon":"screen-smartphone","info_icon_color":"#333333","info_text":"+1 35 776 859 000 \/ +1 35 776 859 011"}}},"block_order":["1556421728208","1556421732440","1556421788568"],"settings":{"page_title_enable":true,"page_content_enable":true,"name_placeholder":"Name","email_placeholder":"Email","subject_placeholder":"Subject","message_placeholder":"Your Message","form_button_name":"Send Message"}},"faq-template":{"type":"faq-template","blocks":{"1550984440022":{"type":"faq","settings":{"accordion_title":"Title #1","accordion_content":"<p>1. Anim pariatur cliche reprehenderit, enim eiusmod high life accusamus terry richardson ad squid. 3 wolf moon officia aute, non cupidatat skateboard dolor brunch. Food truck quinoa nesciunt laborum eiusmod. Brunch 3 wolf moon tempor, sunt aliqua put a bird on it squid single-origin coffee nulla assumenda shoreditch et. Nihil anim keffiyeh helvetica, craft beer labore wes anderson cred nesciunt sapiente ea proident. Ad vegan excepteur butcher vice lomo. Leggings occaecat craft beer farm-to-table, raw denim aesthetic synth nesciunt you probably haven't heard of them accusamus labore sustainable VHS.<\/p>"}},"1550984447719":{"type":"faq","settings":{"accordion_title":"Title #2","accordion_content":"<p>2. Anim pariatur cliche reprehenderit, enim eiusmod high life accusamus terry richardson ad squid. 3 wolf moon officia aute, non cupidatat skateboard dolor brunch. Food truck quinoa nesciunt laborum eiusmod. Brunch 3 wolf moon tempor, sunt aliqua put a bird on it squid single-origin coffee nulla assumenda shoreditch et. Nihil anim keffiyeh helvetica, craft beer labore wes anderson cred nesciunt sapiente ea proident. Ad vegan excepteur butcher vice lomo. Leggings occaecat craft beer farm-to-table, raw denim aesthetic synth nesciunt you probably haven't heard of them accusamus labore sustainable VHS.<\/p>"}},"1550984454067":{"type":"faq","settings":{"accordion_title":"Title #3","accordion_content":"<p>3. Anim pariatur cliche reprehenderit, enim eiusmod high life accusamus terry richardson ad squid. 3 wolf moon officia aute, non cupidatat skateboard dolor brunch. Food truck quinoa nesciunt laborum eiusmod. Brunch 3 wolf moon tempor, sunt aliqua put a bird on it squid single-origin coffee nulla assumenda shoreditch et. Nihil anim keffiyeh helvetica, craft beer labore wes anderson cred nesciunt sapiente ea proident. Ad vegan excepteur butcher vice lomo. Leggings occaecat craft beer farm-to-table, raw denim aesthetic synth nesciunt you probably haven't heard of them accusamus labore sustainable VHS.<\/p>"}},"1550984456255":{"type":"faq","settings":{"accordion_title":"Title #4","accordion_content":"<p>4. Anim pariatur cliche reprehenderit, enim eiusmod high life accusamus terry richardson ad squid. 3 wolf moon officia aute, non cupidatat skateboard dolor brunch. Food truck quinoa nesciunt laborum eiusmod. Brunch 3 wolf moon tempor, sunt aliqua put a bird on it squid single-origin coffee nulla assumenda shoreditch et. Nihil anim keffiyeh helvetica, craft beer labore wes anderson cred nesciunt sapiente ea proident. Ad vegan excepteur butcher vice lomo. Leggings occaecat craft beer farm-to-table, raw denim aesthetic synth nesciunt you probably haven't heard of them accusamus labore sustainable VHS.<\/p>"}},"1550984457556":{"type":"faq","settings":{"accordion_title":"Title #5","accordion_content":"<p>5. Anim pariatur cliche reprehenderit, enim eiusmod high life accusamus terry richardson ad squid. 3 wolf moon officia aute, non cupidatat skateboard dolor brunch. Food truck quinoa nesciunt laborum eiusmod. Brunch 3 wolf moon tempor, sunt aliqua put a bird on it squid single-origin coffee nulla assumenda shoreditch et. Nihil anim keffiyeh helvetica, craft beer labore wes anderson cred nesciunt sapiente ea proident. Ad vegan excepteur butcher vice lomo. Leggings occaecat craft beer farm-to-table, raw denim aesthetic synth nesciunt you probably haven't heard of them accusamus labore sustainable VHS.<\/p>"}},"1550990738279":{"type":"section_padding","settings":{"section_padding_top":100,"section_padding_bottom":100,"section_padding_top_md":80,"section_padding_bottom_md":80,"section_padding_top_xs":60,"section_padding_bottom_xs":60}}},"block_order":["1550984440022","1550984447719","1550984454067","1550984456255","1550984457556","1550990738279"],"settings":{"section_title":"FAQ","section_title_color":"#1f2226","section_sub_title":"Contrary to popular belief, Lorem Ipsum is not simply random text. It has roots in a piece of classical","section_subtitle_color":"#5a5a5a"}},"footer-bottom":{"type":"footer-bottom","blocks":{"1555522049632":{"type":"copyright","settings":{"widget_col":"6","widget_col_md":"6","copy":"<p>Copyright Dsta | Built with Dsta by TechBoot.<\/p>","text":"left"}},"1555522105382":{"type":"section_padding","settings":{"section_padding_top":20,"section_padding_bottom":0,"section_padding_top_md":20,"section_padding_bottom_md":0,"section_padding_top_xs":20,"section_padding_bottom_xs":0}},"1555522114420":{"type":"section_background","settings":{"section_bg_color":"rgba(0,0,0,0)"}},"aaa5c77e-0797-4efa-adeb-766dc06e9e81":{"type":"payment","settings":{"widget_col":"6","widget_col_md":"6","img":"shopify:\/\/shop_images\/payment__logos.png","img_url":"\/","text":"right"}}},"block_order":["1555522049632","1555522105382","1555522114420","aaa5c77e-0797-4efa-adeb-766dc06e9e81"],"settings":{"show_ft_top":true,"section_width":"box_width","position_fb":false,"custom_footer_style":true,"border_color":"#f2ebeb","ft_content_color":"#333333","ft_content_color_hover":"#ff6162","footer_bottom_font":"work_sans_n4","footer_bottom_font_size":"18"}},"contact-map":{"type":"contact-map","settings":{"google_map_enable":true,"google_map_api_key":"AIzaSyCBEypW1XtGLWpikFPcityAok8rhJzzWRw","latitude":"47.606205","languid":"-122.332046","map_icon_image":"shopify:\/\/shop_images\/df-1.png"}},"1556530642117":{"type":"tab-with-product","blocks":{"1556530642117-0":{"type":"tab_with_product","settings":{"tab_product_handle":"accessories"}},"1556530642117-1":{"type":"tab_with_product","settings":{"tab_product_handle":"chair"}},"1556530642117-2":{"type":"tab_with_product","settings":{"tab_product_handle":"sofa"}},"1556530642117-3":{"type":"section_padding","settings":{"section_padding_top":0,"section_padding_bottom":50,"section_padding_top_md":0,"section_padding_bottom_md":30,"section_padding_top_xs":0,"section_padding_bottom_xs":20}}},"block_order":["1556530642117-0","1556530642117-1","1556530642117-2","1556530642117-3"],"settings":{"section_width":"default","section_title_custom_color":true,"section_title":"All <span>Products<\/span>","section_title_color":"#333333","section_title_font_size":"30","section_sub_title":"Contrary to popular belief, Lorem Ipsum is not simply random text. It has roots in a piece of classical","section_subtitle_color":"#5a5a5a","section_des_font_size":"14","title_align":"text-center","show_tab_banner":false,"banner_column_handle":3,"banner_position":"banner_right","featured_banner_url":"shopify:\/\/collections\/all","tab_column_handle":12,"product_limit_handle":20,"tab_arsoule_active":true,"tab_arsoule_arrow_enable":true,"product_casoule_row":1,"product_column_handle":"4","product_column_handle_md":"4","product_column_handle_sm":"3","product_column_handle_sm_2":"2","product_column_handle_xs":"2","tab_title_position":"position_center","tab_title_color":"#1f2226","tab_title_bg_color":"rgba(0,0,0,0)","tab_title_active_color":"#dcb14a","tab_title_active_bg_color":"rgba(0,0,0,0)","tab_border_radius":0}},"1556613976053":{"type":"latest-blog","blocks":{"1556613976053-0":{"type":"section_padding","settings":{"section_padding_top":40,"section_padding_bottom":40,"section_padding_top_md":30,"section_padding_bottom_md":30,"section_padding_top_xs":30,"section_padding_bottom_xs":0}}},"block_order":["1556613976053-0"],"settings":{"section_width":"default","section_title_custom_color":true,"section_title":"Latest <span>Blog<\/span>","section_title_color":"#333333","section_title_font_size":"30","section_sub_title":"There are many variations of passages of Lorem Ipsum available, but the majority have  suffered lebmid.","section_subtitle_color":"#222222","section_des_font_size":"14","title_align":"text-center","blog_handle":"news","button_title":"","bgrid":"grid_1","blog_limit_handle":20,"content_align":"left","tab_arsoule_active":true,"tab_arsoule_arrow_enable":false,"product_column_handle":"3","product_column_handle_md":"3","product_column_handle_sm":"2","blog_image_enable":true,"blog_title_enable":true,"blog_comments_enable":true,"blog_date_enable":true,"blog_text_enable":true,"blog_button_enable":false}},"single-product-tab":{"type":"single-product-tab","blocks":{"1559987960378":{"type":"custom_tab","settings":{"custom_tab_title":"Size Chart","custom_page_handle":"size-chart"}},"1559987975964":{"type":"custom_tab","settings":{"custom_tab_title":"Shipping Policy","custom_page_handle":"shipping-policy"}},"965fc705-22a9-41b0-9115-35fc4624f8b3":{"type":"unique_tab_1","settings":{"info_tab_title":"Info 1"}}},"block_order":["1559987960378","1559987975964","965fc705-22a9-41b0-9115-35fc4624f8b3"],"settings":{"des_tab_enable":true,"des_tab_title":"Description","comment_tab_enable":true,"comment_tab_title":"Comments","product_page_comments_box":"disqus_comment","facebook_comments_post_limit":"10","disqus_shortname":"demo-store","review_tab_enable":true,"review_tab_title":"Reviews","video_tab_enable":true,"video_tab_title":"Video","show_banner":false,"banner_img_url":"shopify:\/\/collections\/all"}},"about-banner":{"type":"about-banner","blocks":{"1559549771118":{"type":"banner","settings":{"ban_col":"6","t1":"BLACK FRIDAY","t2":"Wall Lighting<br>Black.","btn1":"SHOP NOW","btn1_url":"shopify:\/\/collections\/all","text1_p":"style_1","t1_color":"#eb3e14","t2_color":"#0e55b3","btn1_color":"#0af5e3","btn1_border_color":"#eff20a"}},"1559549811733":{"type":"banner","settings":{"ban_col":"6","t1":"","t2":"Wall Lighting Black.","btn1":"SHOP NOW","btn1_url":"shopify:\/\/collections\/all","text1_p":"style_2","t1_color":"#387edc","t2_color":"#1f2226","btn1_color":"#1f2226","btn1_border_color":"#1f2226"}},"1559552748827":{"type":"section_padding","settings":{"section_padding_top":100,"section_padding_bottom":0,"section_padding_top_md":75,"section_padding_bottom_md":0,"section_padding_top_xs":50,"section_padding_bottom_xs":0}}},"block_order":["1559549771118","1559549811733","1559552748827"],"settings":{"show_banner_section":false,"section_width":"default"}},"about-team":{"type":"about-team","blocks":{"1559553660001":{"type":"team_member","settings":{"member_img":"shopify:\/\/shop_images\/team-1.png","member_name":"Mr. Mike Banding","member_desig":"Manager","show_fb":true,"fb_url":"#","show_twitter":true,"twitter_url":"#","show_instagram":true,"instagram_url":"#"}},"1559553767122":{"type":"team_member","settings":{"member_img":"shopify:\/\/shop_images\/team-2.png","member_name":"Mr. Peter Pan","member_desig":"Developer","show_fb":true,"fb_url":"#","show_twitter":true,"twitter_url":"#","show_instagram":true,"instagram_url":"#"}},"1559553816138":{"type":"team_member","settings":{"member_img":"shopify:\/\/shop_images\/team-3.png","member_name":"Ms. Sophia","member_desig":"Designer","show_fb":true,"fb_url":"#","show_twitter":true,"twitter_url":"#","show_instagram":true,"instagram_url":"#"}},"1559553854985":{"type":"team_member","settings":{"member_img":"shopify:\/\/shop_images\/team-4.png","member_name":"Mr. John Lee","member_desig":"Chairmen","show_fb":true,"fb_url":"#","show_twitter":true,"twitter_url":"#","show_instagram":true,"instagram_url":"#"}},"5b3a4705-90a4-4c1f-a69d-b00043dbdd83":{"type":"team_member","settings":{"member_img":"shopify:\/\/shop_images\/team-1.png","member_name":"Mr. Mike Banding","member_desig":"Manager","show_fb":true,"show_twitter":true,"show_instagram":true}},"1559553907536":{"type":"section_padding","settings":{"section_padding_top":70,"section_padding_bottom":50,"section_padding_top_md":60,"section_padding_bottom_md":40,"section_padding_top_xs":50,"section_padding_bottom_xs":20}}},"block_order":["1559553660001","1559553767122","1559553816138","1559553854985","5b3a4705-90a4-4c1f-a69d-b00043dbdd83","1559553907536"],"settings":{"show_team_section":true,"section_width":"default","tab_arsoule_active":true,"tab_arsoule_arrow_enable":true,"product_casoule_row":1,"product_column_handle":"4","product_column_handle_md":"4","product_column_handle_sm":"3","section_title_color":"#333333","section_title_font_size":"30","section_subtitle_color":"#1f2226","section_des_font_size":"14","title_align":"text-center","team_name_color":"#333333","team_deg_color":"#333333"}},"1574246246086":{"type":"promotion-banner","blocks":{"1574246261306":{"type":"promoton-content","settings":{"content_product_column_handle":"6","content_custom_color":true,"t1":"FEATURED PRODUCT","bottom_title":"roboto_n4","bottom_title_font_size":"14","t1_color":"#999999","bottom_title_margin":0,"t2":"Balam Chair","top_title":"roboto_n5","top_title_font_size":"38","t2_color":"#111111","top_title_margin":25,"heading_bottom_border_line":true,"heading_border_bottom_color":"#dcb14a","des_text":"When an unknown printer took a galley of type and scrambled it to make a type specimen book. sint occaecaExcepteur sint occaecat cupidatat non proident, sunt in culpa qui officia.","des_text_font":"roboto_n4","des_text_color":"#111111","des_text_font_size":"16","des_text_font_margin":15,"countdown_date":"","border_radius_count":50,"btn1":"SHOP NOW","btn1_url":"shopify:\/\/products\/10-this-is-the-large-title-for-testing-large-title-and-there-is-an-image-for-testing","button_title":"roboto_n4","button_title_font_size":"14","button_title_margin":30,"button_style":"banner_style_2","button_border_radius":0,"btn1_color":"#1f2226","btn1_hover_color":"#ffffff","btn1_bg_color":"#ffffff","btn1_bg_hover_color":"#dcb14a","btn1_border_color":"#333333","btn1_border_hover_color":"#dcb14a"}},"1574246246086-0":{"type":"section_padding","settings":{"section_padding_top":100,"section_padding_bottom":50,"section_padding_top_md":80,"section_padding_bottom_md":40,"section_padding_top_xs":60,"section_padding_bottom_xs":30}},"1574247238548":{"type":"section_background","settings":{"section_bg_color":"#ffffff"}},"08efb7db-85d5-4830-a8eb-999c0753169e":{"type":"promoton-img","settings":{"img_product_column_handle":"6","img1":"shopify:\/\/shop_images\/side-products-1.png"}}},"block_order":["1574246261306","1574246246086-0","1574247238548","08efb7db-85d5-4830-a8eb-999c0753169e"],"settings":{"section_width":"default","content_position":"flex-row-reverse","content_align":"text-left"}},"service":{"type":"service","blocks":{"1575460790182":{"type":"service","settings":{"show_service_img":true,"service_img":"","title":"Free Shipping","content":"Most product are free<br>shipping."}},"1575460796023":{"type":"service","settings":{"show_service_img":true,"service_img":"","title":"Free Shipping","content":"Most product are free<br>shipping."}},"1575460800579":{"type":"service","settings":{"show_service_img":true,"service_img":"","title":"Free Shipping","content":"Most product are free<br>shipping."}}},"block_order":["1575460790182","1575460796023","1575460800579"],"settings":{"service_style":"style_one","service_col":"4"}},"1576746468921":{"type":"slider","blocks":{"1576746468921-1":{"type":"slide","settings":{"content_position":"left","content_align":"left","content_animation":"fadeInLeft","slider_content_col":"7","slider_content_col_md":"7","slider_img_enable":true,"slider_img_col":"5","slider_img_col_md":"5","slider_img":"shopify:\/\/shop_images\/1st-slider-image-2.png","slider_bg_img":"shopify:\/\/shop_images\/1st-slider-bg.png","slider_content_custom_style":true,"sec_bg_color":"#effafa","title_top":"BEST<br> COLLECTION <br>CHAIR","header_top_color":"#dcb14a","header_font_top":"roboto_n4","header_font_top_size":"18","header_font_top_line_height":25,"header_font_top_margin_bottom":10,"title1":"Welcome To <br> Furniture Store","title1_color":"#111111","header_font_slider":"roboto_n5","title1_font_size":"60","heading_line_height":70,"title_margin_bottom":50,"heading_bottom_border_line":true,"heading_border_bottom_color":"#dcb14a","border_top_spacing":20,"description":"There are many variations of passages of Lorem Ipsum available, but <br>  the majority have suffered alteration in some formr.","description_color":"#111111","paragraph_font_slider":"roboto_n4","description_font_size":"16","des_line_height":27,"des_margin_bottom":20,"btn":"Explore More","show_icon":true,"btn_url":"shopify:\/\/collections\/all","button_font_slider":"roboto_n4","button_margin_top":30,"btn_border_radius":0,"button_padding_tb":15,"button_padding_lr":30,"btn_font_size":"14","btn_color":"#ffffff","btn_bg_color":"#111111","btn_border_color":"#000000","btn_hover_color":"#ffffff","btn_hover_bg_color":"#dcb14a","btn_hover_border_color":"#dcb14a"}},"1576746468921-0":{"type":"slide","settings":{"content_position":"left","content_align":"left","content_animation":"fadeInLeft","slider_content_col":"7","slider_content_col_md":"7","slider_img_enable":true,"slider_img_col":"5","slider_img_col_md":"5","slider_img":"shopify:\/\/shop_images\/1st-slider-image-1.png","slider_bg_img":"shopify:\/\/shop_images\/slider_2_bg.jpg","slider_content_custom_style":true,"sec_bg_color":"#effafa","title_top":"BEST<br> COLLECTION <br>TOOL","header_top_color":"#dcb14a","header_font_top":"roboto_n4","header_font_top_size":"18","header_font_top_line_height":25,"header_font_top_margin_bottom":10,"title1":"Welcome To <br> Furniture Shop","title1_color":"#111111","header_font_slider":"roboto_n5","title1_font_size":"60","heading_line_height":70,"title_margin_bottom":50,"heading_bottom_border_line":true,"heading_border_bottom_color":"#dcb14a","border_top_spacing":20,"description":"There are many variations of passages of Lorem Ipsum available, but <br>  the majority have suffered alteration in some formr.","description_color":"#111111","paragraph_font_slider":"roboto_n4","description_font_size":"16","des_line_height":27,"des_margin_bottom":20,"btn":"Explore More","show_icon":true,"btn_url":"shopify:\/\/collections\/all","button_font_slider":"roboto_n4","button_margin_top":30,"btn_border_radius":0,"button_padding_tb":15,"button_padding_lr":30,"btn_font_size":"14","btn_color":"#ffffff","btn_bg_color":"#111111","btn_border_color":"#000000","btn_hover_color":"#ffffff","btn_hover_bg_color":"#dcb14a","btn_hover_border_color":"#dcb14a"}},"70c2593d-a032-4a64-8907-0a298171c8ef":{"type":"slide","settings":{"content_position":"left","content_align":"left","content_animation":"fadeInLeft","slider_content_col":"7","slider_content_col_md":"7","slider_img_enable":false,"slider_img_col":"5","slider_img_col_md":"5","slider_bg_img":"shopify:\/\/shop_images\/slider_bg_3.jpg","slider_content_custom_style":true,"sec_bg_color":"#effafa","title_top":"BEST<br> COLLECTION <br>SOFA","header_top_color":"#dcb14a","header_font_top":"roboto_n4","header_font_top_size":"18","header_font_top_line_height":25,"header_font_top_margin_bottom":10,"title1":"Best Online <br> Furniture <span>Shop<\/span>","title1_color":"#111111","header_font_slider":"roboto_n5","title1_font_size":"60","heading_line_height":70,"title_margin_bottom":50,"heading_bottom_border_line":true,"heading_border_bottom_color":"#dcb14a","border_top_spacing":20,"description":"There are many variations of passages of Lorem Ipsum available, but <br>  the majority have suffered alteration in some formr.","description_color":"#111111","paragraph_font_slider":"roboto_n4","description_font_size":"16","des_line_height":27,"des_margin_bottom":20,"btn":"Explore More","show_icon":true,"btn_url":"shopify:\/\/collections\/all","button_font_slider":"roboto_n4","button_margin_top":30,"btn_border_radius":0,"button_padding_tb":15,"button_padding_lr":30,"btn_font_size":"14","btn_color":"#ffffff","btn_bg_color":"#111111","btn_border_color":"#000000","btn_hover_color":"#ffffff","btn_hover_bg_color":"#dcb14a","btn_hover_border_color":"#dcb14a"}}},"block_order":["1576746468921-1","1576746468921-0","70c2593d-a032-4a64-8907-0a298171c8ef"],"settings":{"section_width":"default","content_width":"default","slider_height_opt":"fixed_height","p_top":"750","enable_custom_res_height":true,"slider_height_1366":700,"slider_height_1170":600,"slider_height_991":500,"slider_height_767":600,"slider_height_575":600,"nav_style":"style_5","nav_custom_style":true,"nav_border_radius":0,"controlnav_color":"#ffffff","controlnav_bg_color":"#e1e1e1","controlnav_border_color":"#e1e1e1","hover_controlnav_color":"#ffffff","hover_controlnav_bg_color":"#dcb14a","hover_controlnav_border_color":"#dcb14a","dot_style":"dot_bottom","dot_custom_style":true,"dot_color":"#dcb14a","dot_active_color":"#dcb14a"}},"footer_1":{"type":"footer_1","blocks":{"1578301675952":{"type":"newsletter","settings":{"widget_col":"6","widget_col_md":"6","title":"About Info","content":"Subscribe to our newsleter, Enter your emil address.\nLorem ipsum dolor sit amet, consectetur adipisicing.","newsletter_form_show":true,"secure_content":"We’ll never share your email address with a third-party.","apps_url":"","subscribe_btn_Color":"#ffffff"}},"1578301739980":{"type":"ft_menu","settings":{"widget_col":"2","widget_col_md":"6","title":"Quick Links","ft_menu_handle":"main-menu"}},"1578301764599":{"type":"ft_menu","settings":{"widget_col":"2","widget_col_md":"6","title":"Categories","ft_menu_handle":"main-menu"}},"1578301724236":{"type":"ft_menu","settings":{"widget_col":"2","widget_col_md":"6","title":"Information","ft_menu_handle":"main-menu"}},"1578301942619":{"type":"section_background","settings":{"section_bg_color":"#f1f1f1"}},"1578301973380":{"type":"section_padding","settings":{"section_padding_top":80,"section_padding_bottom":20,"section_padding_top_md":80,"section_padding_bottom_md":20,"section_padding_top_xs":60,"section_padding_bottom_xs":15}}},"block_order":["1578301675952","1578301739980","1578301764599","1578301724236","1578301942619","1578301973380"],"settings":{"show_ft_top":true,"section_width":"default","custom_footer_style":true,"ft_title_color":"#444444","ft_content_color":"#5e5e5e","footer_heading_font":"roboto_n5","footer_heading_font_size":"18","footer_font_drop_mega":"geometric_415_n4","footer_font_drop_mega_size":"16"}},"footer_2":{"type":"footer_2","blocks":{"1578305025415":{"type":"newsletter","settings":{"widget_col":"8","logo":"shopify:\/\/shop_images\/DSTA_bac2.png","content":"Lorem ipsum dolor sit amet, consectetur adipisicing elit.aliqua. Ut enim ad minim. Lorem ipsum dolor sit amet, consectetur adipisicing elit, sed do eiusmod tempor incididunt ut labore et dolore magna aliqua. Ut enim ad minim.","news_content_margin_bottom":20,"newsletter_form_show":true,"newsletter_social_show":true,"subscribe_btnhover_bg_Color":"#ca6877","social1":"facebook","social1_url":"","social2":"twitter","social2_url":"","social3":"instagram","social3_url":"","social4":"youtube","social4_url":"","social5":"dribbble","social5_url":""}},"1578305322016":{"type":"section_background","settings":{"section_bg_color":"#f3f8f1"}},"1578305331606":{"type":"section_padding","settings":{"section_padding_top":80,"section_padding_bottom":50,"section_padding_top_md":60,"section_padding_bottom_md":30,"section_padding_top_xs":50,"section_padding_bottom_xs":20}}},"block_order":["1578305025415","1578305322016","1578305331606"],"settings":{"show_ft_top":true,"section_width":"default","custom_footer_style":false,"ft_title_color":"#e60808","ft_content_color":"#eb18e6","footer_font_drop_mega":"work_sans_n4","footer_font_drop_mega_size":"16","footer_content_line_height":28,"footer_heading_font_size":"25"}},"footer_3":{"type":"footer_3","blocks":{"80eb096e-8036-4983-9a45-e6b9d4051d63":{"type":"logo_contact_social","settings":{"widget_col":"12","widget_col_lg":"12","widget_col_md":"12","logo":"shopify:\/\/shop_images\/DSTA_bac2.png","lcs_contact_icon":"<i class=\"sli sli-phone\"><\/i>","lcs_contact":"Call Us : <strong> +38 (121) 553420<\/strong>","lcs_social_1":"<i class=\"sli sli-social-facebook\"><\/i>","lcs_social_1_url":"","lcs_social_2":"<i class=\"sli sli-social-instagram\"><\/i>","lcs_social_2_url":"","lcs_social_3":"<i class=\"sli sli-social-twitter\"><\/i>","lcs_social_3_url":"","lcs_social_4":"<i class=\"sli sli-social-youtube\"><\/i>","lcs_social_4_url":""}},"507c6544-5810-48d4-861b-d5d2b9ff68d7":{"type":"help_info","settings":{"widget_col":"3","widget_col_lg":"4","widget_col_md":"6","hi_bg_color":"#ffcece","title":"Follow Us On","help_info_1":"<i class=\"sli sli-plane\"><\/i>","help_info_1_url":"","help_info_1_text":"Delivery Info","help_info_2":"<i class=\"sli sli-refresh\"><\/i>","help_info_2_url":"","help_info_2_text":"Shipping & Returns","help_info_3":"<i class=\"sli sli-speech\"><\/i>","help_info_3_url":"","help_info_3_text":"Help Info","help_info_4":"<i class=\"sli sli-earphones-alt\"><\/i>","help_info_4_url":"","help_info_4_text":"Contact Info","help_info_5":"<i class=\"sli sli-info\"><\/i>","help_info_5_url":"","help_info_5_text":"FAQ Info"}},"56983b80-eb0c-488d-89e4-b96527aad647":{"type":"ft_menu","settings":{"widget_col":"3","widget_col_lg":"4","widget_col_md":"6","title":"Quick Links","ft_menu_handle":"footer"}},"7b653b49-b690-4b5f-8aca-3dcd47f44d44":{"type":"ft_menu","settings":{"widget_col":"3","widget_col_lg":"4","widget_col_md":"6","title":"Policies","ft_menu_handle":"policies"}},"0382cf86-5b7a-46c9-98b5-b54a459ca8ef":{"type":"newsletter","settings":{"widget_col":"3","widget_col_lg":"6","widget_col_md":"6","title":"About Info","content":"Subscribe to our newsleter, Enter your emil address","newsletter_form_show":true,"secure_content":"We’ll never share your email.","app_store_img":"shopify:\/\/shop_images\/app_store2_large_1_1d1453ad-27cb-470d-abdf-9fbcbd2f7690.png","apps_url":"","subscribe_btn_Color":"#ff6162"}},"1578375788357":{"type":"section_background","settings":{"section_bg_image":"shopify:\/\/shop_images\/footer__bac3.jpg","section_bg_color":"#f1f1f1"}},"1578375816263":{"type":"section_padding","settings":{"section_padding_top":50,"section_padding_bottom":40,"section_padding_top_md":40,"section_padding_bottom_md":30,"section_padding_top_xs":30,"section_padding_bottom_xs":30}}},"block_order":["80eb096e-8036-4983-9a45-e6b9d4051d63","507c6544-5810-48d4-861b-d5d2b9ff68d7","56983b80-eb0c-488d-89e4-b96527aad647","7b653b49-b690-4b5f-8aca-3dcd47f44d44","0382cf86-5b7a-46c9-98b5-b54a459ca8ef","1578375788357","1578375816263"],"settings":{"show_ft_top":true,"section_width":"box_width","custom_footer_style":true,"ft_title_color":"#333333","ft_content_color":"#333333","ft_content_color_hover":"#ff6162","footer_heading_font":"geometric_415_n6","footer_heading_font_size":"25","footer_font_drop_mega":"work_sans_n4","footer_font_drop_mega_size":"18"}},"footer_4":{"type":"footer_4","blocks":{"1578461313668":{"type":"logo_social","settings":{"widget_col":"6","widget_col_md":"6","content":"<p>Lorem ipsum dolor sit amet, consectetur adipisicing elit sed do eiusmod tempor inci ut labore et dolore<\/p>","newsletter_social_show":true,"social1":"facebook","social1_url":"","social2":"twitter","social2_url":"","social3":"instagram","social3_url":"","social4":"youtube","social4_url":"","social5":"pinterest","social5_url":""}},"1578461914057":{"type":"ft_menu","settings":{"widget_col":"2","widget_col_md":"6","title":"Information","ft_menu_handle":"main-menu"}},"1578461932921":{"type":"ft_menu","settings":{"widget_col":"2","widget_col_md":"6","title":"Quick Links","ft_menu_handle":"main-menu"}},"1578462048882":{"type":"section_background","settings":{"section_bg_color":"#f1f1f1"}},"1578462091060":{"type":"section_padding","settings":{"section_padding_top":100,"section_padding_bottom":0,"section_padding_top_md":80,"section_padding_bottom_md":0,"section_padding_top_xs":60,"section_padding_bottom_xs":0}},"ft_menu_TitqwB":{"type":"ft_menu","settings":{"widget_col":"2","widget_col_md":"6","title":"Information","ft_menu_handle":"main-menu"}}},"block_order":["1578461313668","1578461914057","1578461932921","1578462048882","1578462091060","ft_menu_TitqwB"],"settings":{"show_ft_top":true,"section_width":"default","custom_footer_style":false,"ft_title_color":"#1cf2d0","ft_content_color":"#b11515","footer_heading_font":"geometric_415_n4","footer_heading_font_size":"18","footer_font_drop_mega":"work_sans_n4","footer_font_drop_mega_size":"16","footer_social_font_size":"25"}},"footer_5":{"type":"footer_5","blocks":{"1578475971885":{"type":"about_info","settings":{"widget_col":"6","widget_col_md":"6","title":"About Info","content":"Lorem ipsum dolor sit amet, consectetur adipisicing elit sed do eiusmod tempor inci ut labore et dolore.","footer_info_1_content":"Addresss: 123 Pall Mall, London England","footer_info_2_content":"Email: hello@example.com","footer_info_3_content":"Phone: (012) 345 6789"}},"1578475929846":{"type":"ft_menu","settings":{"widget_col":"2","widget_col_md":"6","title":"Quick Links","ft_menu_handle":"main-menu"}},"1578475915090":{"type":"ft_menu","settings":{"widget_col":"2","widget_col_md":"6","title":"Information","ft_menu_handle":"main-menu"}},"76d25905-a32b-4f6d-81ce-910e231eb037":{"type":"ft_social","settings":{"widget_col":"2","widget_col_md":"6","title":"Follow Us On","social1":"facebook","social1_url":"","social2":"twitter","social2_url":"","social3":"instagram","social3_url":"","social4":"youtube","social4_url":"","social5":"pinterest","social5_url":""}},"1578476007695":{"type":"section_background","settings":{"section_bg_color":"#303030"}},"1578476023173":{"type":"section_padding","settings":{"section_padding_top":100,"section_padding_bottom":0,"section_padding_top_md":80,"section_padding_bottom_md":0,"section_padding_top_xs":60,"section_padding_bottom_xs":0}}},"block_order":["1578475971885","1578475929846","1578475915090","76d25905-a32b-4f6d-81ce-910e231eb037","1578476007695","1578476023173"],"settings":{"show_ft_top":true,"section_width":"default","custom_footer_style":true,"ft_title_color":"#ffffff","ft_content_color":"#ffffff","footer_heading_font":"geometric_415_n6","footer_heading_font_size":"18","footer_font_drop_mega":"work_sans_n4","footer_font_drop_mega_size":"16"}},"1582523983801":{"type":"featured-collection","blocks":{"1582523983801-0":{"type":"section_padding","settings":{"section_padding_top":70,"section_padding_bottom":0,"section_padding_top_md":60,"section_padding_bottom_md":0,"section_padding_top_xs":50,"section_padding_bottom_xs":0}},"1582523983801-1":{"type":"feature-product","settings":{"feature_column_handle":12,"featured_product_handle":"table","tab_arsoule_active":true,"tab_arsoule_arrow_enable":true,"product_casoule_row":1,"product_column_handle":"4","product_column_handle_md":"4","product_column_handle_sm":"3","product_column_handle_sm_2":"2","product_column_handle_xs":"2","product_limit_handle":8,"button_title":"","button_url":"shopify:\/\/collections\/all"}}},"block_order":["1582523983801-0","1582523983801-1"],"settings":{"section_width":"default","section_title_custom_color":true,"section_title":"Feature <span>Product <\/span>","section_title_color":"#333333","section_title_font_size":"30","section_sub_title":"There are many variations of passages of Lorem Ipsum available, but the majority have   suffered.","section_subtitle_color":"#222222","section_des_font_size":"14","title_align":"text-center"}},"recommended":{"type":"recommended","settings":{}},"1617269207e03edda7":{"type":"promotion-banner","blocks":{"1617269207e03edda7-0":{"type":"section_padding","settings":{"section_padding_top":50,"section_padding_bottom":100,"section_padding_top_md":40,"section_padding_bottom_md":80,"section_padding_top_xs":30,"section_padding_bottom_xs":60}},"f2ceb233-74a2-4f55-a157-a608c8880338":{"type":"promoton-content","settings":{"content_product_column_handle":"6","content_custom_color":true,"t1":"FEATURED PRODUCT","bottom_title":"roboto_n4","bottom_title_font_size":"14","t1_color":"#999999","bottom_title_margin":0,"t2":"Redwo Table","top_title":"roboto_n5","top_title_font_size":"38","t2_color":"#111111","top_title_margin":25,"heading_bottom_border_line":true,"heading_border_bottom_color":"#dcb14a","des_text":"When an unknown printer took a galley of type and scrambled it to make a type specimen book. sint occaecaExcepteur sint occaecat cupidatat non proident, sunt in culpa qui officia.","des_text_font":"roboto_n4","des_text_color":"#111111","des_text_font_size":"16","des_text_font_margin":15,"countdown_date":"","border_radius_count":50,"btn1":"SHOP NOW","btn1_url":"shopify:\/\/products\/1-new-and-sale-badge-product","button_title":"roboto_n4","button_title_font_size":"14","button_title_margin":30,"button_style":"banner_style_2","button_border_radius":0,"btn1_color":"#1f2226","btn1_hover_color":"#ffffff","btn1_bg_color":"#ffffff","btn1_bg_hover_color":"#dcb14a","btn1_border_color":"#333333","btn1_border_hover_color":"#dcb14a"}},"d457393e-1956-4266-af6e-7c47540aec5e":{"type":"promoton-img","settings":{"img_product_column_handle":"6","img1":"shopify:\/\/shop_images\/side-products-2.png"}}},"block_order":["1617269207e03edda7-0","f2ceb233-74a2-4f55-a157-a608c8880338","d457393e-1956-4266-af6e-7c47540aec5e"],"settings":{"section_width":"default","content_position":"left-def","content_align":"text-left"}},"1617270559321eeb0f":{"type":"promotion-banner","blocks":{"1617270559321eeb0f-0":{"type":"section_padding","settings":{"section_padding_top":120,"section_padding_bottom":120,"section_padding_top_md":100,"section_padding_bottom_md":105,"section_padding_top_xs":80,"section_padding_bottom_xs":80}},"c54131d6-a8fb-44a4-aa65-f2e65eb5cc11":{"type":"promoton-content","settings":{"content_product_column_handle":"6","content_custom_color":true,"t1":"","bottom_title":"roboto_n4","bottom_title_font_size":"24","t1_color":"#1f2226","bottom_title_margin":15,"t2":"Best Collections Flat Sale.","top_title":"roboto_n4","top_title_font_size":"40","t2_color":"#1f2226","top_title_margin":30,"heading_bottom_border_line":true,"heading_border_bottom_color":"#dcb14a","des_text":"When an unknown printer took a galley of type and scrambled it to make a type specimen book. sint occaecaExcepteur sint occaecat cupidatat.","des_text_font":"roboto_n4","des_text_color":"#1f2226","des_text_font_size":"16","des_text_font_margin":30,"countdown_date":"2021\/11\/11","border_radius_count":10,"btn1":"SHOP NOW","btn1_url":"shopify:\/\/collections\/all","button_title":"roboto_n4","button_title_font_size":"14","button_title_margin":30,"button_style":"banner_style_2","button_border_radius":0,"btn1_color":"#ffffff","btn1_hover_color":"#ffffff","btn1_bg_color":"#333333","btn1_bg_hover_color":"#dcb14a","btn1_border_color":"#333333","btn1_border_hover_color":"#dcb14a"}},"717dc2ae-c8dd-4973-99a8-16a72258cf2d":{"type":"section_background","settings":{"section_bg_image":"shopify:\/\/shop_images\/countdown-banner-bg.png","section_bg_color":"#ffffff"}}},"block_order":["1617270559321eeb0f-0","c54131d6-a8fb-44a4-aa65-f2e65eb5cc11","717dc2ae-c8dd-4973-99a8-16a72258cf2d"],"settings":{"section_width":"default","content_position":"left-def","content_align":"text-left"}},"collection-description":{"type":"collection-description","settings":{"section_width":"default","cd_bg_color":"#fbfbfb","collection__title":true,"collection__bcrumb":true,"collection__desc":true,"cd__collection__img":true}}},"content_for_index":["1576746468921","1574246246086","1617269207e03edda7","1556530642117","1617270559321eeb0f","1582523983801","1556613976053"],"blocks":{"14060646107696862457":{"type":"shopify:\/\/apps\/judge-me-reviews\/blocks\/judgeme_core\/61ccd3b1-a9f2-4160-9fe9-4fec8413e5d8","disabled":false,"settings":{}}}},"presets":{"Default":{"ajax_cart_method":"drawer","cart_notes_enable":true,"color_body_bg":"#fff","color_body_text":"#333333","color_borders":"#e5e5e5","color_footer_bg":"#f2f2f2","color_footer_social_link":"#bbbbbb","color_footer_text":"#636363","color_primary":"#747474","color_secondary":"#bbb","favicon_enable":false,"footer_newsletter_enable":true,"footer_social_enable":true,"logo_use_image":false,"social_facebook_link":"","social_twitter_link":""}}}